Sample Name,Source,0,1,2,3,4,5,6,7,8,9,10,11,12,13,14,15,16,17,18,19,20,21,22,23,24,25,26,27,28,29,30,31,32,33,34,35,36,37,38
HDPE,Chabuka et al. 2020,717.4,2846.5,2914.0,,,,,,,,,,,,,,,,,,,,,,,,,,,,,,,,,,,,
HDPE,Chabuka et al. 2020,717.4,2846.5,2914.0,,,,,,,,,,,,,,,,,,,,,,,,,,,,,,,,,,,,
HDPE,Chabuka et al. 2020,717.4,729.0,1461.8,2846.5,2914.0,,,,,,,,,,,,,,,,,,,,,,,,,,,,,,,,,,
HDPE,Chabuka et al. 2020,2846.5,2914.0,,,,,,,,,,,,,,,,,,,,,,,,,,,,,,,,,,,,,
HDPE,Chabuka et al. 2020,717.4,2846.5,2914.0,,,,,,,,,,,,,,,,,,,,,,,,,,,,,,,,,,,,
HDPE,Chabuka et al. 2020,2846.5,2914.0,,,,,,,,,,,,,,,,,,,,,,,,,,,,,,,,,,,,,
HDPE,Chabuka et al. 2020,717.4,2846.5,2914.0,,,,,,,,,,,,,,,,,,,,,,,,,,,,,,,,,,,,
HDPE,Chabuka et al. 2020,717.4,2846.5,2914.0,,,,,,,,,,,,,,,,,,,,,,,,,,,,,,,,,,,,
HDPE,Chabuka et al. 2020,717.4,2846.5,2914.0,,,,,,,,,,,,,,,,,,,,,,,,,,,,,,,,,,,,
HDPE,Chabuka et al. 2020,2846.5,2914.0,,,,,,,,,,,,,,,,,,,,,,,,,,,,,,,,,,,,,
HDPE,Chabuka et al. 2020,717.4,729.0,1461.8,1727.9,2846.5,2915.9,,,,,,,,,,,,,,,,,,,,,,,,,,,,,,,,,
HDPE,Chabuka et al. 2020,717.4,2846.5,2914.0,,,,,,,,,,,,,,,,,,,,,,,,,,,,,,,,,,,,
HDPE,Chabuka et al. 2020,717.4,2846.5,2914.0,,,,,,,,,,,,,,,,,,,,,,,,,,,,,,,,,,,,
HDPE,Chabuka et al. 2020,717.4,729.0,2846.5,2914.0,,,,,,,,,,,,,,,,,,,,,,,,,,,,,,,,,,,
HDPE,Chabuka et al. 2020,717.4,2846.5,2914.0,,,,,,,,,,,,,,,,,,,,,,,,,,,,,,,,,,,,
HDPE,Chabuka et al. 2020,1461.8,2846.5,2915.9,,,,,,,,,,,,,,,,,,,,,,,,,,,,,,,,,,,,
HDPE,Chabuka et al. 2020,2846.5,2914.0,,,,,,,,,,,,,,,,,,,,,,,,,,,,,,,,,,,,,
HDPE,Chabuka et al. 2020,719.3,2846.5,2914.0,,,,,,,,,,,,,,,,,,,,,,,,,,,,,,,,,,,,
HDPE,Chabuka et al. 2020,717.4,2846.5,2914.0,,,,,,,,,,,,,,,,,,,,,,,,,,,,,,,,,,,,
HDPE,Chabuka et al. 2020,717.4,729.0,2846.5,2914.0,,,,,,,,,,,,,,,,,,,,,,,,,,,,,,,,,,,
HDPE,Chabuka et al. 2020,717.4,1461.8,2846.5,2914.0,,,,,,,,,,,,,,,,,,,,,,,,,,,,,,,,,,,
HDPE,Chabuka et al. 2020,2846.5,2914.0,,,,,,,,,,,,,,,,,,,,,,,,,,,,,,,,,,,,,
HDPE,Chabuka et al. 2020,717.4,729.0,1461.8,2846.5,2914.0,,,,,,,,,,,,,,,,,,,,,,,,,,,,,,,,,,
HDPE,Chabuka et al. 2020,717.4,2846.5,2914.0,,,,,,,,,,,,,,,,,,,,,,,,,,,,,,,,,,,,
HDPE,Chabuka et al. 2020,717.4,2846.5,2914.0,,,,,,,,,,,,,,,,,,,,,,,,,,,,,,,,,,,,
HDPE,Chabuka et al. 2020,1461.8,2846.5,2914.0,,,,,,,,,,,,,,,,,,,,,,,,,,,,,,,,,,,,
HDPE,Chabuka et al. 2020,2846.5,2914.0,,,,,,,,,,,,,,,,,,,,,,,,,,,,,,,,,,,,,
HDPE,Chabuka et al. 2020,717.4,2846.5,2914.0,,,,,,,,,,,,,,,,,,,,,,,,,,,,,,,,,,,,
HDPE,Chabuka et al. 2020,717.4,729.0,1461.8,2846.5,2914.0,,,,,,,,,,,,,,,,,,,,,,,,,,,,,,,,,,
HDPE,Chabuka et al. 2020,1436.7,1461.8,1471.4,2846.5,2915.9,,,,,,,,,,,,,,,,,,,,,,,,,,,,,,,,,,
HDPE,Chabuka et al. 2020,717.4,729.0,1461.8,2846.5,2914.0,,,,,,,,,,,,,,,,,,,,,,,,,,,,,,,,,,
HDPE,Chabuka et al. 2020,717.4,729.0,1461.8,1471.4,2846.5,2915.9,,,,,,,,,,,,,,,,,,,,,,,,,,,,,,,,,
HDPE,Chabuka et al. 2020,717.4,2846.5,2914.0,,,,,,,,,,,,,,,,,,,,,,,,,,,,,,,,,,,,
HDPE,Chabuka et al. 2020,717.4,2846.5,2914.0,,,,,,,,,,,,,,,,,,,,,,,,,,,,,,,,,,,,
HDPE,Chabuka et al. 2020,717.4,729.0,1461.8,2846.5,2914.0,,,,,,,,,,,,,,,,,,,,,,,,,,,,,,,,,,
HDPE,Chabuka et al. 2020,717.4,729.0,1461.8,2846.5,2914.0,,,,,,,,,,,,,,,,,,,,,,,,,,,,,,,,,,
HDPE,Chabuka et al. 2020,717.4,729.0,2846.5,2915.9,,,,,,,,,,,,,,,,,,,,,,,,,,,,,,,,,,,
HDPE,Chabuka et al. 2020,717.4,2846.5,2914.0,,,,,,,,,,,,,,,,,,,,,,,,,,,,,,,,,,,,
HDPE,Chabuka et al. 2020,717.4,2846.5,2914.0,,,,,,,,,,,,,,,,,,,,,,,,,,,,,,,,,,,,
HDPE,Chabuka et al. 2020,2846.5,2914.0,,,,,,,,,,,,,,,,,,,,,,,,,,,,,,,,,,,,,
HDPE,Chabuka et al. 2020,717.4,1461.8,2846.5,2914.0,,,,,,,,,,,,,,,,,,,,,,,,,,,,,,,,,,,
HDPE,Chabuka et al. 2020,717.4,1461.8,2846.5,2914.0,,,,,,,,,,,,,,,,,,,,,,,,,,,,,,,,,,,
HDPE,Chabuka et al. 2020,2846.5,2914.0,,,,,,,,,,,,,,,,,,,,,,,,,,,,,,,,,,,,,
HDPE,Chabuka et al. 2020,717.4,1461.8,2846.5,2915.9,,,,,,,,,,,,,,,,,,,,,,,,,,,,,,,,,,,
HDPE,Chabuka et al. 2020,717.4,2846.5,2914.0,,,,,,,,,,,,,,,,,,,,,,,,,,,,,,,,,,,,
HDPE,Chabuka et al. 2020,717.4,729.0,2846.5,2914.0,,,,,,,,,,,,,,,,,,,,,,,,,,,,,,,,,,,
HDPE,Chabuka et al. 2020,717.4,2846.5,2914.0,,,,,,,,,,,,,,,,,,,,,,,,,,,,,,,,,,,,
HDPE,Chabuka et al. 2020,717.4,2846.5,2914.0,,,,,,,,,,,,,,,,,,,,,,,,,,,,,,,,,,,,
HDPE,Chabuka et al. 2020,717.4,729.0,1461.8,2846.5,2914.0,,,,,,,,,,,,,,,,,,,,,,,,,,,,,,,,,,
HDPE,Chabuka et al. 2020,2846.5,2914.0,,,,,,,,,,,,,,,,,,,,,,,,,,,,,,,,,,,,,
HDPE,Chabuka et al. 2020,717.4,2846.5,2914.0,,,,,,,,,,,,,,,,,,,,,,,,,,,,,,,,,,,,
HDPE,Chabuka et al. 2020,717.4,2846.5,2914.0,,,,,,,,,,,,,,,,,,,,,,,,,,,,,,,,,,,,
HDPE,Chabuka et al. 2020,717.4,2846.5,2914.0,,,,,,,,,,,,,,,,,,,,,,,,,,,,,,,,,,,,
HDPE,Chabuka et al. 2020,717.4,2846.5,2914.0,,,,,,,,,,,,,,,,,,,,,,,,,,,,,,,,,,,,
HDPE,Chabuka et al. 2020,717.4,2846.5,2914.0,,,,,,,,,,,,,,,,,,,,,,,,,,,,,,,,,,,,
HDPE,Chabuka et al. 2020,717.4,2846.5,2914.0,,,,,,,,,,,,,,,,,,,,,,,,,,,,,,,,,,,,
HDPE,Chabuka et al. 2020,717.4,2846.5,2914.0,,,,,,,,,,,,,,,,,,,,,,,,,,,,,,,,,,,,
HDPE,Chabuka et al. 2020,717.4,2846.5,2914.0,,,,,,,,,,,,,,,,,,,,,,,,,,,,,,,,,,,,
HDPE,Chabuka et al. 2020,717.4,2846.5,2914.0,,,,,,,,,,,,,,,,,,,,,,,,,,,,,,,,,,,,
HDPE,Chabuka et al. 2020,717.4,2846.5,2914.0,,,,,,,,,,,,,,,,,,,,,,,,,,,,,,,,,,,,
HDPE,Chabuka et al. 2020,2846.5,2914.0,,,,,,,,,,,,,,,,,,,,,,,,,,,,,,,,,,,,,
HDPE,Chabuka et al. 2020,717.4,729.0,2846.5,2914.0,,,,,,,,,,,,,,,,,,,,,,,,,,,,,,,,,,,
HDPE,Chabuka et al. 2020,717.4,729.0,1461.8,2846.5,2914.0,,,,,,,,,,,,,,,,,,,,,,,,,,,,,,,,,,
HDPE,Chabuka et al. 2020,2846.5,2914.0,,,,,,,,,,,,,,,,,,,,,,,,,,,,,,,,,,,,,
HDPE,Chabuka et al. 2020,717.4,729.0,1461.8,2846.5,2914.0,,,,,,,,,,,,,,,,,,,,,,,,,,,,,,,,,,
HDPE,Chabuka et al. 2020,717.4,2846.5,2914.0,,,,,,,,,,,,,,,,,,,,,,,,,,,,,,,,,,,,
HDPE,Chabuka et al. 2020,717.4,2846.5,2914.0,,,,,,,,,,,,,,,,,,,,,,,,,,,,,,,,,,,,
HDPE,Chabuka et al. 2020,717.4,729.0,1461.8,2846.5,2914.0,,,,,,,,,,,,,,,,,,,,,,,,,,,,,,,,,,
HDPE,Chabuka et al. 2020,717.4,729.0,802.3,1461.8,2846.5,2914.0,,,,,,,,,,,,,,,,,,,,,,,,,,,,,,,,,
HDPE,Chabuka et al. 2020,717.4,1153.2,2846.5,2914.0,,,,,,,,,,,,,,,,,,,,,,,,,,,,,,,,,,,
HDPE,Chabuka et al. 2020,717.4,1153.2,1209.2,2846.5,2914.0,,,,,,,,,,,,,,,,,,,,,,,,,,,,,,,,,,
HDPE,Chabuka et al. 2020,717.4,1151.3,1207.2,2846.5,2914.0,,,,,,,,,,,,,,,,,,,,,,,,,,,,,,,,,,
HDPE,Chabuka et al. 2020,717.4,1151.3,1461.8,1469.5,2846.5,2914.0,,,,,,,,,,,,,,,,,,,,,,,,,,,,,,,,,
HDPE,Chabuka et al. 2020,717.4,1469.5,2846.5,2914.0,,,,,,,,,,,,,,,,,,,,,,,,,,,,,,,,,,,
HDPE,Chabuka et al. 2020,717.4,2846.5,2914.0,,,,,,,,,,,,,,,,,,,,,,,,,,,,,,,,,,,,
HDPE,Chabuka et al. 2020,717.4,1471.4,2846.5,2914.0,,,,,,,,,,,,,,,,,,,,,,,,,,,,,,,,,,,
HDPE,Chabuka et al. 2020,717.4,1469.5,2846.5,2914.0,,,,,,,,,,,,,,,,,,,,,,,,,,,,,,,,,,,
HDPE,Chabuka et al. 2020,717.4,1469.5,2846.5,2914.0,,,,,,,,,,,,,,,,,,,,,,,,,,,,,,,,,,,
HDPE,Chabuka et al. 2020,779.1,796.5,1076.1,1457.9,1469.5,,,,,,,,,,,,,,,,,,,,,,,,,,,,,,,,,,
HDPE,Chabuka et al. 2020,779.1,796.5,1066.5,1074.2,1438.7,1457.9,1471.4,,,,,,,,,,,,,,,,,,,,,,,,,,,,,,,,
HDPE,Chabuka et al. 2020,779.1,796.5,1076.1,1461.8,1469.5,,,,,,,,,,,,,,,,,,,,,,,,,,,,,,,,,,
HDPE,Chabuka et al. 2020,717.4,781.0,798.4,1080.0,1461.8,2848.4,2914.0,,,,,,,,,,,,,,,,,,,,,,,,,,,,,,,,
HDPE,Chabuka et al. 2020,779.1,798.4,1076.1,1442.5,1450.2,1461.8,2914.0,,,,,,,,,,,,,,,,,,,,,,,,,,,,,,,,
HDPE,Chabuka et al. 2020,717.4,779.1,798.4,1081.9,1461.8,1469.5,2846.5,2914.0,,,,,,,,,,,,,,,,,,,,,,,,,,,,,,,
HDPE,Chabuka et al. 2020,717.4,1461.8,1469.5,2846.5,2914.0,,,,,,,,,,,,,,,,,,,,,,,,,,,,,,,,,,
HDPE,Chabuka et al. 2020,717.4,2846.5,2914.0,,,,,,,,,,,,,,,,,,,,,,,,,,,,,,,,,,,,
HDPE,Chabuka et al. 2020,717.4,2846.5,2914.0,,,,,,,,,,,,,,,,,,,,,,,,,,,,,,,,,,,,
HDPE,Chabuka et al. 2020,779.1,796.5,1068.4,1074.2,,,,,,,,,,,,,,,,,,,,,,,,,,,,,,,,,,,
HDPE,Chabuka et al. 2020,779.1,798.4,1083.8,,,,,,,,,,,,,,,,,,,,,,,,,,,,,,,,,,,,
HDPE,Chabuka et al. 2020,779.1,796.5,1234.2,2915.9,,,,,,,,,,,,,,,,,,,,,,,,,,,,,,,,,,,
HDPE,Chabuka et al. 2020,781.0,798.4,1081.9,1471.4,2846.5,2914.0,,,,,,,,,,,,,,,,,,,,,,,,,,,,,,,,,
HDPE,Chabuka et al. 2020,779.1,798.4,1080.0,,,,,,,,,,,,,,,,,,,,,,,,,,,,,,,,,,,,
HDPE,Chabuka et al. 2020,779.1,798.4,,,,,,,,,,,,,,,,,,,,,,,,,,,,,,,,,,,,,
HDPE,Chabuka et al. 2020,779.1,796.5,1027.9,1060.7,,,,,,,,,,,,,,,,,,,,,,,,,,,,,,,,,,,
HDPE,Chabuka et al. 2020,717.4,1461.8,1471.4,2846.5,2914.0,,,,,,,,,,,,,,,,,,,,,,,,,,,,,,,,,,
HDPE,Chabuka et al. 2020,715.5,1085.7,1151.3,1205.3,2846.5,2914.0,,,,,,,,,,,,,,,,,,,,,,,,,,,,,,,,,
HDPE,Chabuka et al. 2020,717.4,2846.5,2914.0,,,,,,,,,,,,,,,,,,,,,,,,,,,,,,,,,,,,
HDPE,Chabuka et al. 2020,717.4,1469.5,2846.5,2912.0,,,,,,,,,,,,,,,,,,,,,,,,,,,,,,,,,,,
HDPE,Chabuka et al. 2020,676.9,1083.8,1149.4,1205.3,,,,,,,,,,,,,,,,,,,,,,,,,,,,,,,,,,,
HDPE,Chabuka et al. 2020,717.4,2846.5,2914.0,,,,,,,,,,,,,,,,,,,,,,,,,,,,,,,,,,,,
HDPE,Chabuka et al. 2020,717.4,1149.4,1205.3,,,,,,,,,,,,,,,,,,,,,,,,,,,,,,,,,,,,
HDPE,Chabuka et al. 2020,717.4,1149.4,1203.4,2846.5,2914.0,,,,,,,,,,,,,,,,,,,,,,,,,,,,,,,,,,
HDPE,Chabuka et al. 2020,717.4,2846.5,2914.0,,,,,,,,,,,,,,,,,,,,,,,,,,,,,,,,,,,,
HDPE,Chabuka et al. 2020,1147.5,1201.5,,,,,,,,,,,,,,,,,,,,,,,,,,,,,,,,,,,,,
HDPE,Chabuka et al. 2020,1145.5,1201.5,,,,,,,,,,,,,,,,,,,,,,,,,,,,,,,,,,,,,
HDPE,Chabuka et al. 2020,717.4,2846.5,2914.0,,,,,,,,,,,,,,,,,,,,,,,,,,,,,,,,,,,,
HDPE,Chabuka et al. 2020,717.4,2846.5,2914.0,,,,,,,,,,,,,,,,,,,,,,,,,,,,,,,,,,,,
HDPE,Chabuka et al. 2020,717.4,2846.5,2914.0,,,,,,,,,,,,,,,,,,,,,,,,,,,,,,,,,,,,
HDPE,Chabuka et al. 2020,717.4,2846.5,2914.0,,,,,,,,,,,,,,,,,,,,,,,,,,,,,,,,,,,,
HDPE,Chabuka et al. 2020,717.4,2846.5,2914.0,,,,,,,,,,,,,,,,,,,,,,,,,,,,,,,,,,,,
HDPE,Chabuka et al. 2020,717.4,2846.5,2914.0,,,,,,,,,,,,,,,,,,,,,,,,,,,,,,,,,,,,
HDPE,Chabuka et al. 2020,717.4,2846.5,2914.0,,,,,,,,,,,,,,,,,,,,,,,,,,,,,,,,,,,,
HDPE,Chabuka et al. 2020,717.4,2846.5,2914.0,,,,,,,,,,,,,,,,,,,,,,,,,,,,,,,,,,,,
HDPE,Chabuka et al. 2020,717.4,729.0,1461.8,2846.5,2914.0,,,,,,,,,,,,,,,,,,,,,,,,,,,,,,,,,,
HDPE,Chabuka et al. 2020,717.4,729.0,2846.5,2914.0,,,,,,,,,,,,,,,,,,,,,,,,,,,,,,,,,,,
HDPE,Chabuka et al. 2020,717.4,729.0,1461.8,2846.5,2914.0,,,,,,,,,,,,,,,,,,,,,,,,,,,,,,,,,,
HDPE,Chabuka et al. 2020,717.4,729.0,2846.5,2914.0,,,,,,,,,,,,,,,,,,,,,,,,,,,,,,,,,,,
HDPE,Chabuka et al. 2020,717.4,729.0,1459.9,2846.5,2914.0,,,,,,,,,,,,,,,,,,,,,,,,,,,,,,,,,,
HDPE,Chabuka et al. 2020,717.4,729.0,2846.5,2914.0,,,,,,,,,,,,,,,,,,,,,,,,,,,,,,,,,,,
HDPE,Chabuka et al. 2020,717.4,729.0,1459.9,2846.5,2914.0,,,,,,,,,,,,,,,,,,,,,,,,,,,,,,,,,,
HDPE,Chabuka et al. 2020,717.4,729.0,1461.8,1710.6,2846.5,2914.0,,,,,,,,,,,,,,,,,,,,,,,,,,,,,,,,,
HDPE,Chabuka et al. 2020,717.4,729.0,2846.5,2914.0,,,,,,,,,,,,,,,,,,,,,,,,,,,,,,,,,,,
HDPE,Chabuka et al. 2020,717.4,729.0,1461.8,1706.7,1712.5,2846.5,2914.0,,,,,,,,,,,,,,,,,,,,,,,,,,,,,,,,
HDPE,Chabuka et al. 2020,717.4,729.0,2846.5,2914.0,,,,,,,,,,,,,,,,,,,,,,,,,,,,,,,,,,,
HDPE,Chabuka et al. 2020,717.4,729.0,2846.5,2914.0,,,,,,,,,,,,,,,,,,,,,,,,,,,,,,,,,,,
HDPE,Chabuka et al. 2020,717.4,729.0,2846.5,2915.9,,,,,,,,,,,,,,,,,,,,,,,,,,,,,,,,,,,
HDPE,Chabuka et al. 2020,717.4,1450.2,1461.8,2846.5,2915.9,,,,,,,,,,,,,,,,,,,,,,,,,,,,,,,,,,
HDPE,Chabuka et al. 2020,717.4,729.0,2846.5,2915.9,,,,,,,,,,,,,,,,,,,,,,,,,,,,,,,,,,,
HDPE,Chabuka et al. 2020,717.4,729.0,2846.5,2914.0,,,,,,,,,,,,,,,,,,,,,,,,,,,,,,,,,,,
HDPE,Chabuka et al. 2020,717.4,729.0,1461.8,2846.5,2914.0,,,,,,,,,,,,,,,,,,,,,,,,,,,,,,,,,,
HDPE,Chabuka et al. 2020,717.4,729.0,2846.5,2914.0,,,,,,,,,,,,,,,,,,,,,,,,,,,,,,,,,,,
HDPE,Chabuka et al. 2020,717.4,729.0,2846.5,2914.0,,,,,,,,,,,,,,,,,,,,,,,,,,,,,,,,,,,
HDPE,Chabuka et al. 2020,717.4,1197.6,1429.0,1450.2,1461.8,2848.4,2917.8,,,,,,,,,,,,,,,,,,,,,,,,,,,,,,,,
HDPE,Chabuka et al. 2020,717.4,1093.5,1427.1,1459.9,2846.5,2915.9,,,,,,,,,,,,,,,,,,,,,,,,,,,,,,,,,
HDPE,Chabuka et al. 2020,717.4,729.0,1461.8,2846.5,2914.0,,,,,,,,,,,,,,,,,,,,,,,,,,,,,,,,,,
HDPE,Chabuka et al. 2020,717.4,729.0,1461.8,2846.5,2914.0,,,,,,,,,,,,,,,,,,,,,,,,,,,,,,,,,,
HDPE,Chabuka et al. 2020,717.4,729.0,1461.8,2846.5,2914.0,,,,,,,,,,,,,,,,,,,,,,,,,,,,,,,,,,
PET,Chabuka et al. 2020,721.3,1097.3,1242.0,1714.4,,,,,,,,,,,,,,,,,,,,,,,,,,,,,,,,,,,
PET,Chabuka et al. 2020,721.3,1093.5,1242.0,1712.5,,,,,,,,,,,,,,,,,,,,,,,,,,,,,,,,,,,
PET,Chabuka et al. 2020,723.2,1091.5,1240.0,1712.5,,,,,,,,,,,,,,,,,,,,,,,,,,,,,,,,,,,
PET,Chabuka et al. 2020,721.3,1093.5,1240.0,1712.5,,,,,,,,,,,,,,,,,,,,,,,,,,,,,,,,,,,
PET,Chabuka et al. 2020,721.3,1093.5,1240.0,1712.5,,,,,,,,,,,,,,,,,,,,,,,,,,,,,,,,,,,
PET,Chabuka et al. 2020,721.3,1093.5,1240.0,1712.5,,,,,,,,,,,,,,,,,,,,,,,,,,,,,,,,,,,
PET,Chabuka et al. 2020,721.3,1093.5,1240.0,1712.5,,,,,,,,,,,,,,,,,,,,,,,,,,,,,,,,,,,
PET,Chabuka et al. 2020,721.3,798.4,1016.3,1089.6,1257.4,1712.5,,,,,,,,,,,,,,,,,,,,,,,,,,,,,,,,,
PET,Chabuka et al. 2020,723.2,1095.4,1243.9,1712.5,,,,,,,,,,,,,,,,,,,,,,,,,,,,,,,,,,,
PET,Chabuka et al. 2020,721.3,1093.5,1240.0,1712.5,,,,,,,,,,,,,,,,,,,,,,,,,,,,,,,,,,,
PET,Chabuka et al. 2020,721.3,1095.4,1243.9,1712.5,,,,,,,,,,,,,,,,,,,,,,,,,,,,,,,,,,,
PET,Chabuka et al. 2020,721.3,1095.4,1242.0,1712.5,,,,,,,,,,,,,,,,,,,,,,,,,,,,,,,,,,,
PET,Chabuka et al. 2020,721.3,1240.0,1712.5,,,,,,,,,,,,,,,,,,,,,,,,,,,,,,,,,,,,
PET,Chabuka et al. 2020,721.3,1093.5,1242.0,1712.5,,,,,,,,,,,,,,,,,,,,,,,,,,,,,,,,,,,
PET,Chabuka et al. 2020,721.3,1095.4,1242.0,1712.5,,,,,,,,,,,,,,,,,,,,,,,,,,,,,,,,,,,
PET,Chabuka et al. 2020,721.3,1087.7,1236.2,1710.6,,,,,,,,,,,,,,,,,,,,,,,,,,,,,,,,,,,
PET,Chabuka et al. 2020,721.3,1095.4,1242.0,1712.5,,,,,,,,,,,,,,,,,,,,,,,,,,,,,,,,,,,
PET,Chabuka et al. 2020,721.3,1093.5,1240.0,1712.5,,,,,,,,,,,,,,,,,,,,,,,,,,,,,,,,,,,
PET,Chabuka et al. 2020,721.3,1095.4,1242.0,1712.5,,,,,,,,,,,,,,,,,,,,,,,,,,,,,,,,,,,
PET,Chabuka et al. 2020,721.3,1095.4,1242.0,1712.5,,,,,,,,,,,,,,,,,,,,,,,,,,,,,,,,,,,
PET,Chabuka et al. 2020,721.3,1091.5,1238.1,1712.5,,,,,,,,,,,,,,,,,,,,,,,,,,,,,,,,,,,
PET,Chabuka et al. 2020,721.3,1095.4,1242.0,1712.5,,,,,,,,,,,,,,,,,,,,,,,,,,,,,,,,,,,
PET,Chabuka et al. 2020,721.3,1093.5,1242.0,1712.5,,,,,,,,,,,,,,,,,,,,,,,,,,,,,,,,,,,
PET,Chabuka et al. 2020,721.3,1095.4,1242.0,1712.5,,,,,,,,,,,,,,,,,,,,,,,,,,,,,,,,,,,
PET,Chabuka et al. 2020,721.3,1091.5,1238.1,1712.5,,,,,,,,,,,,,,,,,,,,,,,,,,,,,,,,,,,
PET,Chabuka et al. 2020,721.3,1089.6,1236.2,1712.5,,,,,,,,,,,,,,,,,,,,,,,,,,,,,,,,,,,
PET,Chabuka et al. 2020,721.3,1091.5,1238.1,1712.5,,,,,,,,,,,,,,,,,,,,,,,,,,,,,,,,,,,
PET,Chabuka et al. 2020,721.3,1095.4,1242.0,1712.5,,,,,,,,,,,,,,,,,,,,,,,,,,,,,,,,,,,
PET,Chabuka et al. 2020,721.3,,,,,,,,,,,,,,,,,,,,,,,,,,,,,,,,,,,,,,
PET,Chabuka et al. 2020,721.3,1093.5,1240.0,1712.5,,,,,,,,,,,,,,,,,,,,,,,,,,,,,,,,,,,
PET,Chabuka et al. 2020,721.3,1097.3,1243.9,1712.5,,,,,,,,,,,,,,,,,,,,,,,,,,,,,,,,,,,
PET,Chabuka et al. 2020,721.3,1089.6,1236.2,1712.5,,,,,,,,,,,,,,,,,,,,,,,,,,,,,,,,,,,
PET,Chabuka et al. 2020,721.3,1095.4,1242.0,1712.5,,,,,,,,,,,,,,,,,,,,,,,,,,,,,,,,,,,
PET,Chabuka et al. 2020,721.3,1093.5,1240.0,1712.5,,,,,,,,,,,,,,,,,,,,,,,,,,,,,,,,,,,
PET,Chabuka et al. 2020,721.3,1095.4,1242.0,1712.5,,,,,,,,,,,,,,,,,,,,,,,,,,,,,,,,,,,
PET,Chabuka et al. 2020,721.3,1097.3,1243.9,1712.5,,,,,,,,,,,,,,,,,,,,,,,,,,,,,,,,,,,
PET,Chabuka et al. 2020,721.3,1097.3,1243.9,1712.5,,,,,,,,,,,,,,,,,,,,,,,,,,,,,,,,,,,
PET,Chabuka et al. 2020,721.3,1097.3,1243.9,1712.5,,,,,,,,,,,,,,,,,,,,,,,,,,,,,,,,,,,
PET,Chabuka et al. 2020,721.3,1095.4,1243.9,1712.5,,,,,,,,,,,,,,,,,,,,,,,,,,,,,,,,,,,
PET,Chabuka et al. 2020,721.3,1095.4,1242.0,1712.5,,,,,,,,,,,,,,,,,,,,,,,,,,,,,,,,,,,
PET,Chabuka et al. 2020,721.3,1097.3,1243.9,1712.5,,,,,,,,,,,,,,,,,,,,,,,,,,,,,,,,,,,
PET,Chabuka et al. 2020,721.3,1093.5,1240.0,1712.5,,,,,,,,,,,,,,,,,,,,,,,,,,,,,,,,,,,
PET,Chabuka et al. 2020,721.3,1097.3,1243.9,1712.5,,,,,,,,,,,,,,,,,,,,,,,,,,,,,,,,,,,
PET,Chabuka et al. 2020,721.3,1097.3,1243.9,1712.5,,,,,,,,,,,,,,,,,,,,,,,,,,,,,,,,,,,
PET,Chabuka et al. 2020,721.3,1095.4,1242.0,1712.5,,,,,,,,,,,,,,,,,,,,,,,,,,,,,,,,,,,
PET,Chabuka et al. 2020,721.3,1087.7,1236.2,1714.4,,,,,,,,,,,,,,,,,,,,,,,,,,,,,,,,,,,
PET,Chabuka et al. 2020,721.3,1095.4,1240.0,1712.5,,,,,,,,,,,,,,,,,,,,,,,,,,,,,,,,,,,
PET,Chabuka et al. 2020,721.3,1093.5,1240.0,1712.5,,,,,,,,,,,,,,,,,,,,,,,,,,,,,,,,,,,
PET,Chabuka et al. 2020,721.3,1097.3,1242.0,1712.5,,,,,,,,,,,,,,,,,,,,,,,,,,,,,,,,,,,
PET,Chabuka et al. 2020,721.3,1093.5,1240.0,1712.5,,,,,,,,,,,,,,,,,,,,,,,,,,,,,,,,,,,
PET,Chabuka et al. 2020,721.3,1095.4,1242.0,1712.5,,,,,,,,,,,,,,,,,,,,,,,,,,,,,,,,,,,
PET,Chabuka et al. 2020,721.3,1095.4,1242.0,1712.5,,,,,,,,,,,,,,,,,,,,,,,,,,,,,,,,,,,
PET,Chabuka et al. 2020,721.3,1097.3,1243.9,1712.5,,,,,,,,,,,,,,,,,,,,,,,,,,,,,,,,,,,
PET,Chabuka et al. 2020,721.3,1097.3,1243.9,1712.5,,,,,,,,,,,,,,,,,,,,,,,,,,,,,,,,,,,
PET,Chabuka et al. 2020,721.3,1093.5,1240.0,1712.5,,,,,,,,,,,,,,,,,,,,,,,,,,,,,,,,,,,
PET,Chabuka et al. 2020,721.3,1093.5,1240.0,1712.5,,,,,,,,,,,,,,,,,,,,,,,,,,,,,,,,,,,
PET,Chabuka et al. 2020,721.3,1093.5,1240.0,1712.5,,,,,,,,,,,,,,,,,,,,,,,,,,,,,,,,,,,
PET,Chabuka et al. 2020,721.3,1093.5,1240.0,1712.5,,,,,,,,,,,,,,,,,,,,,,,,,,,,,,,,,,,
PET,Chabuka et al. 2020,721.3,1095.4,1242.0,1712.5,,,,,,,,,,,,,,,,,,,,,,,,,,,,,,,,,,,
PET,Chabuka et al. 2020,721.3,1095.4,1242.0,1712.5,,,,,,,,,,,,,,,,,,,,,,,,,,,,,,,,,,,
PET,Chabuka et al. 2020,721.3,1095.4,1242.0,1712.5,,,,,,,,,,,,,,,,,,,,,,,,,,,,,,,,,,,
PET,Chabuka et al. 2020,721.3,1095.4,1242.0,1712.5,,,,,,,,,,,,,,,,,,,,,,,,,,,,,,,,,,,
PET,Chabuka et al. 2020,721.3,1089.6,1238.1,1712.5,,,,,,,,,,,,,,,,,,,,,,,,,,,,,,,,,,,
PET,Chabuka et al. 2020,723.2,1091.5,1240.0,1714.4,,,,,,,,,,,,,,,,,,,,,,,,,,,,,,,,,,,
PET,Chabuka et al. 2020,723.2,1091.5,1238.1,1714.4,,,,,,,,,,,,,,,,,,,,,,,,,,,,,,,,,,,
PET,Chabuka et al. 2020,723.2,1093.5,1149.4,1207.2,1234.2,1716.4,,,,,,,,,,,,,,,,,,,,,,,,,,,,,,,,,
PET,Chabuka et al. 2020,723.2,1093.5,1238.1,1714.4,,,,,,,,,,,,,,,,,,,,,,,,,,,,,,,,,,,
PET,Chabuka et al. 2020,723.2,1091.5,1238.1,1714.4,,,,,,,,,,,,,,,,,,,,,,,,,,,,,,,,,,,
PET,Chabuka et al. 2020,723.2,1240.0,1716.4,,,,,,,,,,,,,,,,,,,,,,,,,,,,,,,,,,,,
PET,Chabuka et al. 2020,723.2,1091.5,1240.0,1714.4,,,,,,,,,,,,,,,,,,,,,,,,,,,,,,,,,,,
PET,Chabuka et al. 2020,723.2,1091.5,1238.1,1714.4,,,,,,,,,,,,,,,,,,,,,,,,,,,,,,,,,,,
PET,Chabuka et al. 2020,721.3,1089.6,1240.0,1712.5,,,,,,,,,,,,,,,,,,,,,,,,,,,,,,,,,,,
PET,Chabuka et al. 2020,723.2,1091.5,1238.1,1712.5,,,,,,,,,,,,,,,,,,,,,,,,,,,,,,,,,,,
PET,Chabuka et al. 2020,723.2,1093.5,1240.0,1714.4,,,,,,,,,,,,,,,,,,,,,,,,,,,,,,,,,,,
PET,Chabuka et al. 2020,723.2,781.0,796.5,837.0,840.8,871.7,1149.4,1205.3,1720.2,,,,,,,,,,,,,,,,,,,,,,,,,,,,,,
PET,Chabuka et al. 2020,1147.5,1203.4,,,,,,,,,,,,,,,,,,,,,,,,,,,,,,,,,,,,,
PET,Chabuka et al. 2020,723.2,796.5,871.7,1151.3,1209.2,,,,,,,,,,,,,,,,,,,,,,,,,,,,,,,,,,
PET,Chabuka et al. 2020,725.1,779.1,796.5,873.6,1087.7,1151.3,1209.2,1234.2,1454.1,1718.3,,,,,,,,,,,,,,,,,,,,,,,,,,,,,
PET,Chabuka et al. 2020,723.2,794.5,871.7,1087.7,1236.2,1716.4,,,,,,,,,,,,,,,,,,,,,,,,,,,,,,,,,
PET,Chabuka et al. 2020,723.2,779.1,796.5,873.6,1078.0,1209.2,1234.2,1714.4,,,,,,,,,,,,,,,,,,,,,,,,,,,,,,,
PET,Chabuka et al. 2020,1145.5,1201.5,,,,,,,,,,,,,,,,,,,,,,,,,,,,,,,,,,,,,
PET,Chabuka et al. 2020,721.3,871.7,1087.7,1232.3,1712.5,,,,,,,,,,,,,,,,,,,,,,,,,,,,,,,,,,
PET,Chabuka et al. 2020,723.2,792.6,837.0,871.7,1091.5,1151.3,1209.2,1712.5,,,,,,,,,,,,,,,,,,,,,,,,,,,,,,,
PET,Chabuka et al. 2020,723.2,1093.5,1120.5,1149.4,1203.4,,,,,,,,,,,,,,,,,,,,,,,,,,,,,,,,,,
PET,Chabuka et al. 2020,721.3,792.6,840.8,869.8,1228.5,1712.5,,,,,,,,,,,,,,,,,,,,,,,,,,,,,,,,,
PET,Chabuka et al. 2020,781.0,794.5,1149.4,1205.3,1716.4,,,,,,,,,,,,,,,,,,,,,,,,,,,,,,,,,,
PET,Chabuka et al. 2020,723.2,781.0,794.5,838.9,869.8,1149.4,1205.3,1716.4,,,,,,,,,,,,,,,,,,,,,,,,,,,,,,,
PET,Chabuka et al. 2020,1095.4,1149.4,1205.3,1540.9,,,,,,,,,,,,,,,,,,,,,,,,,,,,,,,,,,,
PET,Chabuka et al. 2020,727.0,1095.4,1147.5,1201.5,1718.3,,,,,,,,,,,,,,,,,,,,,,,,,,,,,,,,,,
PET,Chabuka et al. 2020,1147.5,1201.5,,,,,,,,,,,,,,,,,,,,,,,,,,,,,,,,,,,,,
PET,Chabuka et al. 2020,725.1,1240.0,1716.4,,,,,,,,,,,,,,,,,,,,,,,,,,,,,,,,,,,,
PET,Chabuka et al. 2020,1135.9,1149.4,1205.3,,,,,,,,,,,,,,,,,,,,,,,,,,,,,,,,,,,,
PET,Chabuka et al. 2020,723.2,1149.4,1205.3,,,,,,,,,,,,,,,,,,,,,,,,,,,,,,,,,,,,
PET,Chabuka et al. 2020,1083.8,1089.6,1097.3,1101.2,1120.5,1151.3,1203.4,1209.2,1457.9,1508.1,1521.6,1540.9,1558.2,1650.8,1683.6,1699.0,1716.4,2341.2,2364.3,,,,,,,,,,,,,,,,,,,,
PET,Chabuka et al. 2020,723.2,1234.2,,,,,,,,,,,,,,,,,,,,,,,,,,,,,,,,,,,,,
PET,Chabuka et al. 2020,723.2,871.7,1091.5,1151.3,1209.2,1716.4,,,,,,,,,,,,,,,,,,,,,,,,,,,,,,,,,
PET,Chabuka et al. 2020,723.2,1093.5,1147.5,1203.4,,,,,,,,,,,,,,,,,,,,,,,,,,,,,,,,,,,
PET,Chabuka et al. 2020,723.2,1149.4,1203.4,,,,,,,,,,,,,,,,,,,,,,,,,,,,,,,,,,,,
PET,Chabuka et al. 2020,723.2,1149.4,1205.3,,,,,,,,,,,,,,,,,,,,,,,,,,,,,,,,,,,,
PET,Chabuka et al. 2020,723.2,792.6,1232.3,1712.5,,,,,,,,,,,,,,,,,,,,,,,,,,,,,,,,,,,
PET,Chabuka et al. 2020,725.1,1095.4,1147.5,1203.4,,,,,,,,,,,,,,,,,,,,,,,,,,,,,,,,,,,
PET,Chabuka et al. 2020,1147.5,1203.4,,,,,,,,,,,,,,,,,,,,,,,,,,,,,,,,,,,,,
PET,Chabuka et al. 2020,1147.5,1201.5,,,,,,,,,,,,,,,,,,,,,,,,,,,,,,,,,,,,,
PET,Chabuka et al. 2020,721.3,1095.4,1242.0,1710.6,,,,,,,,,,,,,,,,,,,,,,,,,,,,,,,,,,,
PET,Chabuka et al. 2020,721.3,1091.5,1238.1,1712.5,,,,,,,,,,,,,,,,,,,,,,,,,,,,,,,,,,,
PET,Chabuka et al. 2020,721.3,1093.5,1240.0,1712.5,,,,,,,,,,,,,,,,,,,,,,,,,,,,,,,,,,,
PET,Chabuka et al. 2020,721.3,1095.4,1242.0,1710.6,,,,,,,,,,,,,,,,,,,,,,,,,,,,,,,,,,,
PET,Chabuka et al. 2020,721.3,1091.5,1238.1,1710.6,,,,,,,,,,,,,,,,,,,,,,,,,,,,,,,,,,,
PET,Chabuka et al. 2020,721.3,1091.5,1238.1,1710.6,,,,,,,,,,,,,,,,,,,,,,,,,,,,,,,,,,,
PET,Chabuka et al. 2020,721.3,1095.4,1240.0,1712.5,,,,,,,,,,,,,,,,,,,,,,,,,,,,,,,,,,,
PET,Chabuka et al. 2020,721.3,1095.4,1242.0,1712.5,,,,,,,,,,,,,,,,,,,,,,,,,,,,,,,,,,,
PET,Chabuka et al. 2020,721.3,1091.5,1238.1,1710.6,,,,,,,,,,,,,,,,,,,,,,,,,,,,,,,,,,,
PET,Chabuka et al. 2020,721.3,1091.5,1238.1,1708.7,,,,,,,,,,,,,,,,,,,,,,,,,,,,,,,,,,,
PET,Chabuka et al. 2020,721.3,1091.5,1238.1,1708.7,,,,,,,,,,,,,,,,,,,,,,,,,,,,,,,,,,,
PET,Chabuka et al. 2020,721.3,,,,,,,,,,,,,,,,,,,,,,,,,,,,,,,,,,,,,,
PET,Chabuka et al. 2020,721.3,1238.1,1708.7,,,,,,,,,,,,,,,,,,,,,,,,,,,,,,,,,,,,
PET,Chabuka et al. 2020,721.3,1089.6,1236.2,1706.7,,,,,,,,,,,,,,,,,,,,,,,,,,,,,,,,,,,
PET,Chabuka et al. 2020,719.3,1093.5,1238.1,1708.7,,,,,,,,,,,,,,,,,,,,,,,,,,,,,,,,,,,
PET,Chabuka et al. 2020,721.3,1093.5,1240.0,1708.7,,,,,,,,,,,,,,,,,,,,,,,,,,,,,,,,,,,
PET,Chabuka et al. 2020,721.3,1234.2,1699.0,2360.5,,,,,,,,,,,,,,,,,,,,,,,,,,,,,,,,,,,
PET,Chabuka et al. 2020,721.3,1093.5,1240.0,1706.7,,,,,,,,,,,,,,,,,,,,,,,,,,,,,,,,,,,
PET,Chabuka et al. 2020,721.3,1091.5,1238.1,1710.6,,,,,,,,,,,,,,,,,,,,,,,,,,,,,,,,,,,
PET,Chabuka et al. 2020,721.3,1091.5,1238.1,1712.5,,,,,,,,,,,,,,,,,,,,,,,,,,,,,,,,,,,
PET,Chabuka et al. 2020,721.3,1234.2,1685.5,1700.9,1716.4,,,,,,,,,,,,,,,,,,,,,,,,,,,,,,,,,,
PET,Chabuka et al. 2020,721.3,1089.6,1236.2,1706.7,,,,,,,,,,,,,,,,,,,,,,,,,,,,,,,,,,,
PET,Chabuka et al. 2020,721.3,,,,,,,,,,,,,,,,,,,,,,,,,,,,,,,,,,,,,,
PET,Chabuka et al. 2020,721.3,1095.4,1118.5,1242.0,1712.5,,,,,,,,,,,,,,,,,,,,,,,,,,,,,,,,,,
PET,Chabuka et al. 2020,721.3,1236.2,1708.7,,,,,,,,,,,,,,,,,,,,,,,,,,,,,,,,,,,,
PET,Chabuka et al. 2020,721.3,1087.7,1236.2,1706.7,,,,,,,,,,,,,,,,,,,,,,,,,,,,,,,,,,,
PET,Chabuka et al. 2020,721.3,1091.5,1238.1,1708.7,,,,,,,,,,,,,,,,,,,,,,,,,,,,,,,,,,,
PET,Chabuka et al. 2020,721.3,1091.5,1238.1,1708.7,,,,,,,,,,,,,,,,,,,,,,,,,,,,,,,,,,,
PET,Chabuka et al. 2020,721.3,1087.7,1236.2,1706.7,,,,,,,,,,,,,,,,,,,,,,,,,,,,,,,,,,,
PET,Chabuka et al. 2020,721.3,1236.2,,,,,,,,,,,,,,,,,,,,,,,,,,,,,,,,,,,,,
PET,Chabuka et al. 2020,719.3,,,,,,,,,,,,,,,,,,,,,,,,,,,,,,,,,,,,,,
PET,Chabuka et al. 2020,721.3,871.7,1095.4,1242.0,1687.4,1714.4,,,,,,,,,,,,,,,,,,,,,,,,,,,,,,,,,
1 2 polybutadiene,Primpke et al. 2018,906.5,,,,,,,,,,,,,,,,,,,,,,,,,,,,,,,,,,,,,,
acrylonitrile butadiene styrene,Primpke et al. 2018,1724.4,1246.0,1161.1,,,,,,,,,,,,,,,,,,,,,,,,,,,,,,,,,,,,
acrylonitrile butadiene styrene,Primpke et al. 2018,1076.3,462.9,,,,,,,,,,,,,,,,,,,,,,,,,,,,,,,,,,,,,
fibre acetate,Primpke et al. 2018,1735.9,1217.1,1031.9,,,,,,,,,,,,,,,,,,,,,,,,,,,,,,,,,,,,
acrylonitrile butadiene,Primpke et al. 2018,970.2,,,,,,,,,,,,,,,,,,,,,,,,,,,,,,,,,,,,,,
algae desmarestia viridis,Primpke et al. 2018,1084.0,615.3,,,,,,,,,,,,,,,,,,,,,,,,,,,,,,,,,,,,,
algae fucus serratus,Primpke et al. 2018,1635.6,1076.3,1020.3,,,,,,,,,,,,,,,,,,,,,,,,,,,,,,,,,,,,
algae laminaria digita and hyperborea,Primpke et al. 2018,1080.1,1024.2,,,,,,,,,,,,,,,,,,,,,,,,,,,,,,,,,,,,,
algae laminaria sacharina,Primpke et al. 2018,1614.4,1604.8,1082.1,1053.1,1022.3,,,,,,,,,,,,,,,,,,,,,,,,,,,,,,,,,,
alginic acid  sodium salt,Primpke et al. 2018,1595.1,1408.0,1082.1,1026.1,,,,,,,,,,,,,,,,,,,,,,,,,,,,,,,,,,,
fur alpaca,Primpke et al. 2018,1627.9,1518.0,,,,,,,,,,,,,,,,,,,,,,,,,,,,,,,,,,,,,
polyethylene wax oxidized,Primpke et al. 2018,2916.4,2848.8,,,,,,,,,,,,,,,,,,,,,,,,,,,,,,,,,,,,,
polyethylene wax,Primpke et al. 2018,2916.4,2848.8,,,,,,,,,,,,,,,,,,,,,,,,,,,,,,,,,,,,,
polyethylene wax,Primpke et al. 2018,2916.4,2848.8,,,,,,,,,,,,,,,,,,,,,,,,,,,,,,,,,,,,,
fur angora rabbit,Primpke et al. 2018,1635.6,1527.6,1516.0,,,,,,,,,,,,,,,,,,,,,,,,,,,,,,,,,,,,
broodcomb,Primpke et al. 2018,2916.4,2848.8,1049.3,1030.0,1012.6,,,,,,,,,,,,,,,,,,,,,,,,,,,,,,,,,,
amber,Primpke et al. 2018,1722.4,1710.9,1680.0,1666.5,1660.7,1230.6,1163.1,,,,,,,,,,,,,,,,,,,,,,,,,,,,,,,,
polyester epoxide,Primpke et al. 2018,1716.6,1263.4,1246.0,1114.8,1099.4,1018.4,727.2,607.6,,,,,,,,,,,,,,,,,,,,,,,,,,,,,,,
epoxide resin,Primpke et al. 2018,1716.6,1261.4,1246.0,1114.8,1099.4,1018.4,725.2,,,,,,,,,,,,,,,,,,,,,,,,,,,,,,,,
polyester,Primpke et al. 2018,1716.6,1263.4,1244.1,1114.8,1097.5,1018.4,725.2,,,,,,,,,,,,,,,,,,,,,,,,,,,,,,,,
polyester epoxide,Primpke et al. 2018,1716.6,1261.4,1246.0,1114.8,1099.4,1018.4,725.2,,,,,,,,,,,,,,,,,,,,,,,,,,,,,,,,
polyhydroxybutyric acid,Primpke et al. 2018,1720.5,1274.9,1261.4,1180.4,1130.3,1055.1,,,,,,,,,,,,,,,,,,,,,,,,,,,,,,,,,
butyl methacrylate isobutyl methacrolate,Primpke et al. 2018,1722.4,1143.8,,,,,,,,,,,,,,,,,,,,,,,,,,,,,,,,,,,,,
fur camel,Primpke et al. 2018,1631.8,1516.0,,,,,,,,,,,,,,,,,,,,,,,,,,,,,,,,,,,,,
wool cashmere crossbred,Primpke et al. 2018,1629.8,1527.6,1516.0,,,,,,,,,,,,,,,,,,,,,,,,,,,,,,,,,,,,
wool cashmere kasakhstan,Primpke et al. 2018,1629.8,1525.7,1518.0,,,,,,,,,,,,,,,,,,,,,,,,,,,,,,,,,,,,
wool cashmere mongolia,Primpke et al. 2018,1631.8,1516.0,,,,,,,,,,,,,,,,,,,,,,,,,,,,,,,,,,,,,
fur cat european shorthair,Primpke et al. 2018,1633.7,1525.7,1516.0,,,,,,,,,,,,,,,,,,,,,,,,,,,,,,,,,,,,
cellulose,Primpke et al. 2018,1105.2,1053.1,1030.0,,,,,,,,,,,,,,,,,,,,,,,,,,,,,,,,,,,,
cellulose acetate,Primpke et al. 2018,1735.9,1217.1,1031.9,,,,,,,,,,,,,,,,,,,,,,,,,,,,,,,,,,,,
cellulose acetate butyrate,Primpke et al. 2018,1739.8,1220.9,1037.7,,,,,,,,,,,,,,,,,,,,,,,,,,,,,,,,,,,,
cellulose,Primpke et al. 2018,1018.4,995.3,,,,,,,,,,,,,,,,,,,,,,,,,,,,,,,,,,,,,
cellulose triacetate,Primpke et al. 2018,1737.9,1213.2,1031.9,,,,,,,,,,,,,,,,,,,,,,,,,,,,,,,,,,,,
cellulose propionate,Primpke et al. 2018,1739.8,1159.2,1060.8,1026.1,,,,,,,,,,,,,,,,,,,,,,,,,,,,,,,,,,,
chitin crangon antonia,Primpke et al. 2018,1639.5,1518.0,1392.6,1371.4,,,,,,,,,,,,,,,,,,,,,,,,,,,,,,,,,,,
chitin from crustacean shells,Primpke et al. 2018,1620.2,1554.6,1377.2,1066.6,1022.3,1010.7,561.3,528.5,,,,,,,,,,,,,,,,,,,,,,,,,,,,,,,
chitin cancer pagurus,Primpke et al. 2018,1398.4,871.8,,,,,,,,,,,,,,,,,,,,,,,,,,,,,,,,,,,,,
fibre cocoanut,Primpke et al. 2018,1031.9,,,,,,,,,,,,,,,,,,,,,,,,,,,,,,,,,,,,,,
copolyamide,Primpke et al. 2018,2918.3,1635.6,1539.2,,,,,,,,,,,,,,,,,,,,,,,,,,,,,,,,,,,,
copolyamide,Primpke et al. 2018,2918.3,1635.6,1539.2,,,,,,,,,,,,,,,,,,,,,,,,,,,,,,,,,,,,
copolyester,Primpke et al. 2018,1710.9,1269.2,1232.5,1099.4,725.2,,,,,,,,,,,,,,,,,,,,,,,,,,,,,,,,,,
copolyester,Primpke et al. 2018,1710.9,1269.2,1230.6,1099.4,725.2,,,,,,,,,,,,,,,,,,,,,,,,,,,,,,,,,,
copolyester,Primpke et al. 2018,1710.9,1269.2,1230.6,1099.4,725.2,,,,,,,,,,,,,,,,,,,,,,,,,,,,,,,,,,
fibre cotton combers,Primpke et al. 2018,1107.1,1053.1,1030.0,1001.1,985.6,557.4,,,,,,,,,,,,,,,,,,,,,,,,,,,,,,,,,
fibre cotton US pima,Primpke et al. 2018,1105.2,1053.1,1030.0,1003.0,985.6,557.4,,,,,,,,,,,,,,,,,,,,,,,,,,,,,,,,,
fibre cotton uzbekistan,Primpke et al. 2018,1105.2,1053.1,1030.0,1001.1,985.6,557.4,,,,,,,,,,,,,,,,,,,,,,,,,,,,,,,,,
fur cow,Primpke et al. 2018,1633.7,1533.4,,,,,,,,,,,,,,,,,,,,,,,,,,,,,,,,,,,,,
crangon  chitin exuvie,Primpke et al. 2018,1643.3,1519.9,1371.4,1035.8,557.4,,,,,,,,,,,,,,,,,,,,,,,,,,,,,,,,,,
polyethylene wax,Primpke et al. 2018,2914.4,2848.8,,,,,,,,,,,,,,,,,,,,,,,,,,,,,,,,,,,,,
polyethylene wax,Primpke et al. 2018,2916.4,2848.8,,,,,,,,,,,,,,,,,,,,,,,,,,,,,,,,,,,,,
polyethylene wax oxidized,Primpke et al. 2018,2916.4,2848.8,,,,,,,,,,,,,,,,,,,,,,,,,,,,,,,,,,,,,
sealing ring EPDM,Primpke et al. 2018,2920.2,2850.8,,,,,,,,,,,,,,,,,,,,,,,,,,,,,,,,,,,,,
sealing ring EPDM,Primpke et al. 2018,2920.2,2850.8,,,,,,,,,,,,,,,,,,,,,,,,,,,,,,,,,,,,,
sealing ring Gardena 1124 large,Primpke et al. 2018,2918.3,2848.8,1018.4,,,,,,,,,,,,,,,,,,,,,,,,,,,,,,,,,,,,
sealing ring Gardena 1124 small,Primpke et al. 2018,2918.3,2850.8,,,,,,,,,,,,,,,,,,,,,,,,,,,,,,,,,,,,,
sealing ring Gardena 2824 large,Primpke et al. 2018,2918.3,1018.4,,,,,,,,,,,,,,,,,,,,,,,,,,,,,,,,,,,,,
sealing ring Gardena 2824 small,Primpke et al. 2018,2920.2,2850.8,,,,,,,,,,,,,,,,,,,,,,,,,,,,,,,,,,,,,
sealing ring Gardena 2824 medium,Primpke et al. 2018,2918.3,1016.5,,,,,,,,,,,,,,,,,,,,,,,,,,,,,,,,,,,,,
fur dog,Primpke et al. 2018,1631.8,1523.8,,,,,,,,,,,,,,,,,,,,,,,,,,,,,,,,,,,,,
honeycomb,Primpke et al. 2018,2916.4,2848.8,,,,,,,,,,,,,,,,,,,,,,,,,,,,,,,,,,,,,
polystyrene expanded,Primpke et al. 2018,696.3,,,,,,,,,,,,,,,,,,,,,,,,,,,,,,,,,,,,,,
copolyester,Primpke et al. 2018,1710.9,1267.2,1251.8,1118.7,1101.3,727.2,,,,,,,,,,,,,,,,,,,,,,,,,,,,,,,,,
copolyester,Primpke et al. 2018,1710.9,1267.2,1251.8,1118.7,1101.3,727.2,,,,,,,,,,,,,,,,,,,,,,,,,,,,,,,,,
silicone rubber,Primpke et al. 2018,1006.8,785.0,,,,,,,,,,,,,,,,,,,,,,,,,,,,,,,,,,,,,
polystyrene expanded,Primpke et al. 2018,696.3,,,,,,,,,,,,,,,,,,,,,,,,,,,,,,,,,,,,,,
ethyl cellulose,Primpke et al. 2018,1053.1,,,,,,,,,,,,,,,,,,,,,,,,,,,,,,,,,,,,,,
ethylene acrylic acid,Primpke et al. 2018,2916.4,2848.8,1701.2,,,,,,,,,,,,,,,,,,,,,,,,,,,,,,,,,,,,
ethylene ethyl acrylate,Primpke et al. 2018,2916.4,2848.8,,,,,,,,,,,,,,,,,,,,,,,,,,,,,,,,,,,,,
ethylene methacrylic acid,Primpke et al. 2018,2916.4,2848.8,,,,,,,,,,,,,,,,,,,,,,,,,,,,,,,,,,,,,
ethylene propylene,Primpke et al. 2018,2918.3,2848.8,,,,,,,,,,,,,,,,,,,,,,,,,,,,,,,,,,,,,
ethylene vinyl acetate,Primpke et al. 2018,2916.4,2848.8,1238.3,,,,,,,,,,,,,,,,,,,,,,,,,,,,,,,,,,,,
ethylene vinyl acetate,Primpke et al. 2018,2916.4,2848.8,1735.9,1236.4,,,,,,,,,,,,,,,,,,,,,,,,,,,,,,,,,,,
ethylene vinyl acetate,Primpke et al. 2018,2918.3,1734.0,1236.4,,,,,,,,,,,,,,,,,,,,,,,,,,,,,,,,,,,,
ethylene vinyl alcohol,Primpke et al. 2018,3302.1,2926.0,2906.7,2852.7,1456.2,1435.0,1330.9,1136.1,1084.0,844.8,831.3,,,,,,,,,,,,,,,,,,,,,,,,,,,,
ethylene vinyl alcohol,Primpke et al. 2018,2916.4,2848.8,1737.9,1238.3,,,,,,,,,,,,,,,,,,,,,,,,,,,,,,,,,,,
ethylene vinyl alcohol,Primpke et al. 2018,2916.4,2848.8,1737.9,1238.3,,,,,,,,,,,,,,,,,,,,,,,,,,,,,,,,,,,
polyethylene high density,Primpke et al. 2018,2914.4,2846.9,,,,,,,,,,,,,,,,,,,,,,,,,,,,,,,,,,,,,
fibre urtica dioica L conar fibra,Primpke et al. 2018,1099.4,1047.3,1022.3,,,,,,,,,,,,,,,,,,,,,,,,,,,,,,,,,,,,
fibre flax,Primpke et al. 2018,1103.3,1051.2,1028.1,1006.8,,,,,,,,,,,,,,,,,,,,,,,,,,,,,,,,,,,
honeycomb freshly removed with nectar,Primpke et al. 2018,2916.4,2848.8,,,,,,,,,,,,,,,,,,,,,,,,,,,,,,,,,,,,,
honeycomb freshly removed,Primpke et al. 2018,2916.4,2848.8,,,,,,,,,,,,,,,,,,,,,,,,,,,,,,,,,,,,,
fibre grass,Primpke et al. 2018,1031.9,,,,,,,,,,,,,,,,,,,,,,,,,,,,,,,,,,,,,,
polyethylene high density,Primpke et al. 2018,2914.4,2848.8,,,,,,,,,,,,,,,,,,,,,,,,,,,,,,,,,,,,,
polyethylene high density,Primpke et al. 2018,2914.4,2848.8,,,,,,,,,,,,,,,,,,,,,,,,,,,,,,,,,,,,,
polyethylene high density,Primpke et al. 2018,2914.4,2846.9,,,,,,,,,,,,,,,,,,,,,,,,,,,,,,,,,,,,,
fibre hemp fine,Primpke et al. 2018,1105.2,1053.1,1028.1,1003.0,985.6,,,,,,,,,,,,,,,,,,,,,,,,,,,,,,,,,,
fibre hemp rough,Primpke et al. 2018,1105.2,1053.1,1028.1,,,,,,,,,,,,,,,,,,,,,,,,,,,,,,,,,,,,
alkyd varnish,Primpke et al. 2018,2924.1,1728.2,1263.4,1163.1,1138.0,1118.7,1070.5,,,,,,,,,,,,,,,,,,,,,,,,,,,,,,,,
alkyd varnish,Primpke et al. 2018,2924.1,1730.1,1259.5,1236.4,1161.1,1138.0,1118.7,1072.4,,,,,,,,,,,,,,,,,,,,,,,,,,,,,,,
wood beech,Primpke et al. 2018,1107.1,1031.9,,,,,,,,,,,,,,,,,,,,,,,,,,,,,,,,,,,,,
wood pine,Primpke et al. 2018,1049.3,1026.1,,,,,,,,,,,,,,,,,,,,,,,,,,,,,,,,,,,,,
wood glue,Primpke et al. 2018,1730.1,1228.7,,,,,,,,,,,,,,,,,,,,,,,,,,,,,,,,,,,,,
wood mahagoni,Primpke et al. 2018,1030.0,,,,,,,,,,,,,,,,,,,,,,,,,,,,,,,,,,,,,,
broodcomb once brooded,Primpke et al. 2018,2916.4,2848.8,,,,,,,,,,,,,,,,,,,,,,,,,,,,,,,,,,,,,
polytehylene terephthalate,Primpke et al. 2018,1714.7,1246.0,1120.6,1097.5,723.3,,,,,,,,,,,,,,,,,,,,,,,,,,,,,,,,,,
polytehylene terephthalate,Primpke et al. 2018,1712.8,1246.0,1120.6,1097.5,723.3,,,,,,,,,,,,,,,,,,,,,,,,,,,,,,,,,,
hydroxyethyl cellulose,Primpke et al. 2018,1053.1,1024.2,,,,,,,,,,,,,,,,,,,,,,,,,,,,,,,,,,,,,
hydroxypropyl cellulose,Primpke et al. 2018,1111.0,1068.6,1049.3,,,,,,,,,,,,,,,,,,,,,,,,,,,,,,,,,,,,
hydroxypropyl methyl cellulose,Primpke et al. 2018,1053.1,,,,,,,,,,,,,,,,,,,,,,,,,,,,,,,,,,,,,,
fibre indian raw cotton,Primpke et al. 2018,1105.2,1053.1,1030.0,1003.0,985.6,557.4,,,,,,,,,,,,,,,,,,,,,,,,,,,,,,,,,
fibre jute,Primpke et al. 2018,1103.3,1030.0,989.5,,,,,,,,,,,,,,,,,,,,,,,,,,,,,,,,,,,,
copolyamide,Primpke et al. 2018,1631.8,1535.3,,,,,,,,,,,,,,,,,,,,,,,,,,,,,,,,,,,,,
fibre kapok,Primpke et al. 2018,1035.8,,,,,,,,,,,,,,,,,,,,,,,,,,,,,,,,,,,,,,
polyvinylchloride,Primpke et al. 2018,1251.8,1246.0,966.3,698.2,613.4,,,,,,,,,,,,,,,,,,,,,,,,,,,,,,,,,,
polypropylene,Primpke et al. 2018,2951.1,2916.4,1375.2,,,,,,,,,,,,,,,,,,,,,,,,,,,,,,,,,,,,
polyethylene foamed,Primpke et al. 2018,2916.4,2848.8,,,,,,,,,,,,,,,,,,,,,,,,,,,,,,,,,,,,,
silica gel lab,Primpke et al. 2018,3674.4,3662.8,3655.1,3643.5,3635.8,3624.2,3616.5,3603.0,3597.2,3591.4,3577.9,3572.2,3562.5,3556.7,3549.0,3539.4,3529.7,3518.1,3508.5,3498.9,3485.4,3473.8,3466.1,3452.6,3439.1,3429.4,3419.8,3408.2,3385.1,3377.3,3354.2,3340.7,3327.2,3317.5,1656.8,1639.5,1631.8,1247.9,1230.6
polyurethane acrylic resin,Primpke et al. 2018,1726.3,1149.6,,,,,,,,,,,,,,,,,,,,,,,,,,,,,,,,,,,,,
cellulose wipe,Primpke et al. 2018,1053.1,1028.1,,,,,,,,,,,,,,,,,,,,,,,,,,,,,,,,,,,,,
lahmian medium acrylic paint,Primpke et al. 2018,1728.2,1095.6,,,,,,,,,,,,,,,,,,,,,,,,,,,,,,,,,,,,,
fur lama,Primpke et al. 2018,1629.8,1518.0,,,,,,,,,,,,,,,,,,,,,,,,,,,,,,,,,,,,,
polyethylene low density,Primpke et al. 2018,2914.4,2848.8,,,,,,,,,,,,,,,,,,,,,,,,,,,,,,,,,,,,,
polyethylene low density,Primpke et al. 2018,2916.4,2848.8,,,,,,,,,,,,,,,,,,,,,,,,,,,,,,,,,,,,,
polyethylene low density,Primpke et al. 2018,2916.4,2848.8,,,,,,,,,,,,,,,,,,,,,,,,,,,,,,,,,,,,,
polyethylene low density,Primpke et al. 2018,2916.4,2848.8,,,,,,,,,,,,,,,,,,,,,,,,,,,,,,,,,,,,,
polyethylene low density,Primpke et al. 2018,2916.4,2848.8,,,,,,,,,,,,,,,,,,,,,,,,,,,,,,,,,,,,,
fibre linen,Primpke et al. 2018,1101.3,1051.2,1026.1,,,,,,,,,,,,,,,,,,,,,,,,,,,,,,,,,,,,
fibre linen,Primpke et al. 2018,1103.3,1051.2,1028.1,1004.9,987.5,,,,,,,,,,,,,,,,,,,,,,,,,,,,,,,,,,
polyethylene low density,Primpke et al. 2018,2914.4,2848.8,,,,,,,,,,,,,,,,,,,,,,,,,,,,,,,,,,,,,
polyethylene high density,Primpke et al. 2018,2916.4,2848.8,,,,,,,,,,,,,,,,,,,,,,,,,,,,,,,,,,,,,
alkyd varnish,Primpke et al. 2018,1724.4,1085.9,1072.4,462.9,,,,,,,,,,,,,,,,,,,,,,,,,,,,,,,,,,,
merino scoured wool made rough,Primpke et al. 2018,1629.8,1527.6,1516.0,,,,,,,,,,,,,,,,,,,,,,,,,,,,,,,,,,,,
alkyd varnish,Primpke et al. 2018,2924.1,1728.2,1224.8,1182.4,1122.6,1066.6,1041.6,,,,,,,,,,,,,,,,,,,,,,,,,,,,,,,,
methyl cellulose,Primpke et al. 2018,1053.1,,,,,,,,,,,,,,,,,,,,,,,,,,,,,,,,,,,,,,
methyl vinyl ether maleic acid,Primpke et al. 2018,1701.2,1174.6,,,,,,,,,,,,,,,,,,,,,,,,,,,,,,,,,,,,,
methyl vinyl ether maleic anhydride,Primpke et al. 2018,1708.9,1182.4,1089.8,,,,,,,,,,,,,,,,,,,,,,,,,,,,,,,,,,,,
honeycomb middle wall,Primpke et al. 2018,2916.4,2848.8,,,,,,,,,,,,,,,,,,,,,,,,,,,,,,,,,,,,,
fur mohair angora goat,Primpke et al. 2018,1631.8,1527.6,1516.0,,,,,,,,,,,,,,,,,,,,,,,,,,,,,,,,,,,,
polyimide,Primpke et al. 2018,1708.9,1498.7,1373.3,1240.2,1112.9,1089.8,815.9,721.4,,,,,,,,,,,,,,,,,,,,,,,,,,,,,,,
aramid,Primpke et al. 2018,1647.2,1602.8,1525.7,1477.5,1410.0,1300.0,1238.3,779.2,713.7,682.8,567.1,,,,,,,,,,,,,,,,,,,,,,,,,,,,
aramid,Primpke et al. 2018,1645.3,1602.8,1525.7,1477.5,1410.0,1298.1,1238.3,779.2,713.7,680.9,651.9,567.1,,,,,,,,,,,,,,,,,,,,,,,,,,,
polytehylene terephthalate,Primpke et al. 2018,1712.8,1247.9,1120.6,1097.5,721.4,,,,,,,,,,,,,,,,,,,,,,,,,,,,,,,,,,
polyamide,Primpke et al. 2018,1633.7,1539.2,,,,,,,,,,,,,,,,,,,,,,,,,,,,,,,,,,,,,
polycarbonate,Primpke et al. 2018,1219.0,1188.1,1159.2,,,,,,,,,,,,,,,,,,,,,,,,,,,,,,,,,,,,
polyester,Primpke et al. 2018,1712.8,1242.2,1091.7,721.4,,,,,,,,,,,,,,,,,,,,,,,,,,,,,,,,,,,
polyvinylchloride,Primpke et al. 2018,1730.1,667.4,605.6,,,,,,,,,,,,,,,,,,,,,,,,,,,,,,,,,,,,
polyester,Primpke et al. 2018,1712.8,1267.2,1224.8,1192.0,1161.1,1101.3,1014.6,725.2,,,,,,,,,,,,,,,,,,,,,,,,,,,,,,,
polyester,Primpke et al. 2018,1712.8,1265.3,1224.8,1192.0,1163.1,1101.3,727.2,,,,,,,,,,,,,,,,,,,,,,,,,,,,,,,,
polypropylene,Primpke et al. 2018,2951.1,2918.3,1375.2,,,,,,,,,,,,,,,,,,,,,,,,,,,,,,,,,,,,
fibre mulberry silk,Primpke et al. 2018,1620.2,1512.2,1442.7,,,,,,,,,,,,,,,,,,,,,,,,,,,,,,,,,,,,
nitrile rubber,Primpke et al. 2018,1435.0,966.3,,,,,,,,,,,,,,,,,,,,,,,,,,,,,,,,,,,,,
nylon 6 (3)  T,Primpke et al. 2018,1631.8,1539.2,1496.8,1315.4,1288.4,,,,,,,,,,,,,,,,,,,,,,,,,,,,,,,,,,
nylon 6,Primpke et al. 2018,1635.6,1539.2,,,,,,,,,,,,,,,,,,,,,,,,,,,,,,,,,,,,,
nylon 6 6,Primpke et al. 2018,1631.8,1533.4,,,,,,,,,,,,,,,,,,,,,,,,,,,,,,,,,,,,,
nylon 6 9,Primpke et al. 2018,2918.3,1631.8,1541.1,1465.9,,,,,,,,,,,,,,,,,,,,,,,,,,,,,,,,,,,
nylon 6 12,Primpke et al. 2018,2920.2,1633.7,1537.3,,,,,,,,,,,,,,,,,,,,,,,,,,,,,,,,,,,,
nylon 11,Primpke et al. 2018,2918.3,2850.8,1635.6,1541.1,,,,,,,,,,,,,,,,,,,,,,,,,,,,,,,,,,,
nylon 12,Primpke et al. 2018,2918.3,2850.8,1637.6,1548.8,,,,,,,,,,,,,,,,,,,,,,,,,,,,,,,,,,,
n vinylpyrrolidone vinyl acetate,Primpke et al. 2018,1730.1,1654.9,1236.4,,,,,,,,,,,,,,,,,,,,,,,,,,,,,,,,,,,,
honeycomb top bar,Primpke et al. 2018,2916.4,2848.8,,,,,,,,,,,,,,,,,,,,,,,,,,,,,,,,,,,,,
fibre polyamide 6 (not)stretched,Primpke et al. 2018,1633.7,1539.2,,,,,,,,,,,,,,,,,,,,,,,,,,,,,,,,,,,,,
fibre polyamide 6,Primpke et al. 2018,1633.7,1539.2,,,,,,,,,,,,,,,,,,,,,,,,,,,,,,,,,,,,,
polyamide 6,Primpke et al. 2018,1635.6,1541.1,,,,,,,,,,,,,,,,,,,,,,,,,,,,,,,,,,,,,
polyamide 6,Primpke et al. 2018,1635.6,1539.2,,,,,,,,,,,,,,,,,,,,,,,,,,,,,,,,,,,,,
polyamide 6,Primpke et al. 2018,1633.7,1539.2,,,,,,,,,,,,,,,,,,,,,,,,,,,,,,,,,,,,,
fibre polyamide 6 P6.6,Primpke et al. 2018,1631.8,1539.2,,,,,,,,,,,,,,,,,,,,,,,,,,,,,,,,,,,,,
polymaide 66,Primpke et al. 2018,1631.8,1537.3,,,,,,,,,,,,,,,,,,,,,,,,,,,,,,,,,,,,,
polybuthylene terephthalate,Primpke et al. 2018,1708.9,1261.4,1246.0,1114.8,1099.4,725.2,,,,,,,,,,,,,,,,,,,,,,,,,,,,,,,,,
polybuthylene terephthalate,Primpke et al. 2018,1710.9,1263.4,1246.0,1116.8,1099.4,725.2,,,,,,,,,,,,,,,,,,,,,,,,,,,,,,,,,
polycarbonate,Primpke et al. 2018,1219.0,1188.1,1159.2,,,,,,,,,,,,,,,,,,,,,,,,,,,,,,,,,,,,
polycarbonate,Primpke et al. 2018,1224.8,1190.1,1161.1,,,,,,,,,,,,,,,,,,,,,,,,,,,,,,,,,,,,
polyesterurethane,Primpke et al. 2018,1728.2,1683.8,1257.6,1165.0,1139.9,,,,,,,,,,,,,,,,,,,,,,,,,,,,,,,,,,
copolyester,Primpke et al. 2018,1710.9,1269.2,1230.6,1099.4,725.2,,,,,,,,,,,,,,,,,,,,,,,,,,,,,,,,,,
polyester,Primpke et al. 2018,1714.7,1247.9,1120.6,1099.4,723.3,,,,,,,,,,,,,,,,,,,,,,,,,,,,,,,,,,
polytehylene terephthalate,Primpke et al. 2018,1714.7,1244.1,1118.7,1097.5,723.3,,,,,,,,,,,,,,,,,,,,,,,,,,,,,,,,,,
polytehylene terephthalate amorphous,Primpke et al. 2018,1714.7,1238.3,1091.7,723.3,,,,,,,,,,,,,,,,,,,,,,,,,,,,,,,,,,,
polytehylene terephthalate,Primpke et al. 2018,1714.7,1246.0,1120.6,1097.5,1018.4,723.3,,,,,,,,,,,,,,,,,,,,,,,,,,,,,,,,,
phenoxy resin,Primpke et al. 2018,1506.4,1230.6,1180.4,1037.7,1010.7,825.5,,,,,,,,,,,,,,,,,,,,,,,,,,,,,,,,,
polylactic acid,Primpke et al. 2018,1747.5,1180.4,1082.1,,,,,,,,,,,,,,,,,,,,,,,,,,,,,,,,,,,,
polylactic acid,Primpke et al. 2018,1747.5,1180.4,1082.1,1043.5,,,,,,,,,,,,,,,,,,,,,,,,,,,,,,,,,,,
poly(1 butene) isotactic,Primpke et al. 2018,2958.8,2912.5,,,,,,,,,,,,,,,,,,,,,,,,,,,,,,,,,,,,,
poly(2 4 6 tribromostyrene),Primpke et al. 2018,1442.7,1031.9,1012.6,881.5,,,,,,,,,,,,,,,,,,,,,,,,,,,,,,,,,,,
poly(2 6 dimethyl p phenylene oxide),Primpke et al. 2018,1467.8,1184.3,,,,,,,,,,,,,,,,,,,,,,,,,,,,,,,,,,,,,
poly(2 hydroxyethyl methacrylate),Primpke et al. 2018,1716.6,1708.9,1153.4,1072.4,,,,,,,,,,,,,,,,,,,,,,,,,,,,,,,,,,,
poly(4 4' dipropoxy 2 2' diphenyl propane fumarate),Primpke et al. 2018,1716.6,1508.3,1292.3,1238.3,1180.4,1153.4,1080.1,1043.5,979.8,827.5,,,,,,,,,,,,,,,,,,,,,,,,,,,,,
poly(4 methyl 1 pentene),Primpke et al. 2018,2953.0,2908.6,2868.1,1465.9,1365.6,,,,,,,,,,,,,,,,,,,,,,,,,,,,,,,,,,
poly(acrylic acid),Primpke et al. 2018,1697.3,1165.0,,,,,,,,,,,,,,,,,,,,,,,,,,,,,,,,,,,,,
poly(butylene terephthalate),Primpke et al. 2018,1708.9,1263.4,1246.0,1116.8,1099.4,1016.5,723.3,,,,,,,,,,,,,,,,,,,,,,,,,,,,,,,,
poly(diallyl isophthalate),Primpke et al. 2018,1714.7,1269.2,1118.7,1068.6,740.7,,,,,,,,,,,,,,,,,,,,,,,,,,,,,,,,,,
poly(ethylene glycol),Primpke et al. 2018,1095.6,1058.9,,,,,,,,,,,,,,,,,,,,,,,,,,,,,,,,,,,,,
poly(ethylene oxide),Primpke et al. 2018,1093.6,,,,,,,,,,,,,,,,,,,,,,,,,,,,,,,,,,,,,,
poly(ethylene terephthalate),Primpke et al. 2018,1712.8,1238.3,1116.8,1091.7,1016.5,723.3,,,,,,,,,,,,,,,,,,,,,,,,,,,,,,,,,
poly(ethyl methacrylate),Primpke et al. 2018,1720.5,1172.7,1141.9,1024.2,,,,,,,,,,,,,,,,,,,,,,,,,,,,,,,,,,,
poly(isobutyl methacrylate),Primpke et al. 2018,1724.4,1143.8,993.3,,,,,,,,,,,,,,,,,,,,,,,,,,,,,,,,,,,,
poly(methyl methacrylate),Primpke et al. 2018,1722.4,1190.1,1143.8,,,,,,,,,,,,,,,,,,,,,,,,,,,,,,,,,,,,
poly(n butyl methacrylate),Primpke et al. 2018,1722.4,1170.8,1143.8,,,,,,,,,,,,,,,,,,,,,,,,,,,,,,,,,,,,
poly(phenylene sulfide),Primpke et al. 2018,1469.8,1091.7,1008.8,808.2,478.3,,,,,,,,,,,,,,,,,,,,,,,,,,,,,,,,,,
poly(p phenylene ether sulphone),Primpke et al. 2018,1575.8,1483.3,1232.5,1145.7,1101.3,1072.4,869.9,858.3,833.2,715.6,698.2,549.7,528.5,,,,,,,,,,,,,,,,,,,,,,,,,,
poly(tetrafluoroethylene),Primpke et al. 2018,1201.6,1145.7,501.5,,,,,,,,,,,,,,,,,,,,,,,,,,,,,,,,,,,,
poly(vinyl acetate),Primpke et al. 2018,1728.2,1224.8,1018.4,,,,,,,,,,,,,,,,,,,,,,,,,,,,,,,,,,,,
poly(vinyl alcohol),Primpke et al. 2018,3290.5,1415.7,1141.9,1087.8,,,,,,,,,,,,,,,,,,,,,,,,,,,,,,,,,,,
poly(vinyl alcohol),Primpke et al. 2018,3292.5,1417.7,1141.9,1087.8,,,,,,,,,,,,,,,,,,,,,,,,,,,,,,,,,,,
poly(vinyl butyral),Primpke et al. 2018,1130.3,1105.2,995.3,970.2,,,,,,,,,,,,,,,,,,,,,,,,,,,,,,,,,,,
poly(vinyl chloride),Primpke et al. 2018,1251.8,634.6,609.5,,,,,,,,,,,,,,,,,,,,,,,,,,,,,,,,,,,,
poly(vinyl chloride) carboxylated,Primpke et al. 2018,1253.7,634.6,609.5,,,,,,,,,,,,,,,,,,,,,,,,,,,,,,,,,,,,
poly(vinyl formal),Primpke et al. 2018,1012.6,,,,,,,,,,,,,,,,,,,,,,,,,,,,,,,,,,,,,,
poly(vinylidene fluoride),Primpke et al. 2018,1400.3,1180.4,873.7,488.0,,,,,,,,,,,,,,,,,,,,,,,,,,,,,,,,,,,
poly(vinyl stearate),Primpke et al. 2018,2916.4,2848.8,1734.0,,,,,,,,,,,,,,,,,,,,,,,,,,,,,,,,,,,,
polyacetal,Primpke et al. 2018,1089.8,889.2,,,,,,,,,,,,,,,,,,,,,,,,,,,,,,,,,,,,,
polyacrylamide,Primpke et al. 2018,1647.2,1602.8,,,,,,,,,,,,,,,,,,,,,,,,,,,,,,,,,,,,,
polyacrylamide carboxyl modified,Primpke et al. 2018,1550.8,1402.2,,,,,,,,,,,,,,,,,,,,,,,,,,,,,,,,,,,,,
fibre polyactide,Primpke et al. 2018,1751.4,1178.5,1128.4,1082.1,1043.5,,,,,,,,,,,,,,,,,,,,,,,,,,,,,,,,,,
polyamide resin,Primpke et al. 2018,2916.4,2848.8,,,,,,,,,,,,,,,,,,,,,,,,,,,,,,,,,,,,,
polycaprolactone,Primpke et al. 2018,1722.4,1165.0,,,,,,,,,,,,,,,,,,,,,,,,,,,,,,,,,,,,,
polycaprolactone,Primpke et al. 2018,1722.4,1236.4,1165.0,,,,,,,,,,,,,,,,,,,,,,,,,,,,,,,,,,,,
polycarbonate,Primpke et al. 2018,1768.7,1502.5,1219.0,1188.1,1159.2,1080.1,1014.6,829.4,,,,,,,,,,,,,,,,,,,,,,,,,,,,,,,
polycarbonate,Primpke et al. 2018,1770.6,1504.5,1219.0,1188.1,1159.2,1014.6,,,,,,,,,,,,,,,,,,,,,,,,,,,,,,,,,
polychloroprene,Primpke et al. 2018,1004.9,667.4,461.0,447.5,424.3,,,,,,,,,,,,,,,,,,,,,,,,,,,,,,,,,,
fibre polyester,Primpke et al. 2018,1712.8,1242.2,1093.6,1016.5,721.4,,,,,,,,,,,,,,,,,,,,,,,,,,,,,,,,,,
fibre polyester,Primpke et al. 2018,1712.8,1242.2,1116.8,1093.6,723.3,,,,,,,,,,,,,,,,,,,,,,,,,,,,,,,,,,
fibre polyetheretherketone,Primpke et al. 2018,1593.2,1487.1,1217.1,1184.3,1157.3,925.8,835.2,,,,,,,,,,,,,,,,,,,,,,,,,,,,,,,,
polyethylene low density,Primpke et al. 2018,2916.4,2848.8,,,,,,,,,,,,,,,,,,,,,,,,,,,,,,,,,,,,,
polyethylene chlorinated,Primpke et al. 2018,2916.4,2848.8,1016.5,464.8,451.3,,,,,,,,,,,,,,,,,,,,,,,,,,,,,,,,,,
polyethylene chlorinated,Primpke et al. 2018,1030.0,1008.8,536.2,466.8,,,,,,,,,,,,,,,,,,,,,,,,,,,,,,,,,,,
polyethylene chlorinated,Primpke et al. 2018,1014.6,464.8,449.4,,,,,,,,,,,,,,,,,,,,,,,,,,,,,,,,,,,,
polyethylene chlorosulfonated,Primpke et al. 2018,991.4,667.4,422.4,,,,,,,,,,,,,,,,,,,,,,,,,,,,,,,,,,,,
polyethylene high density,Primpke et al. 2018,2914.4,2846.9,,,,,,,,,,,,,,,,,,,,,,,,,,,,,,,,,,,,,
polyethylene low density,Primpke et al. 2018,2916.4,2848.8,,,,,,,,,,,,,,,,,,,,,,,,,,,,,,,,,,,,,
polyethylene oxidized,Primpke et al. 2018,2916.4,2848.8,,,,,,,,,,,,,,,,,,,,,,,,,,,,,,,,,,,,,
polyethylene terephtalate,Primpke et al. 2018,1714.7,1242.2,1114.8,1093.6,1016.5,723.3,,,,,,,,,,,,,,,,,,,,,,,,,,,,,,,,,
polyisoprene chlorinated,Primpke et al. 2018,785.0,763.8,732.9,665.4,,,,,,,,,,,,,,,,,,,,,,,,,,,,,,,,,,,
fibre polypropylene,Primpke et al. 2018,2951.1,2916.4,2875.9,2868.1,2837.3,1454.3,1375.2,,,,,,,,,,,,,,,,,,,,,,,,,,,,,,,,
fibre polypropylene dyed,Primpke et al. 2018,2951.1,2918.3,2868.1,1375.2,,,,,,,,,,,,,,,,,,,,,,,,,,,,,,,,,,,
polypropylene isotactic,Primpke et al. 2018,2951.1,2918.3,1375.2,,,,,,,,,,,,,,,,,,,,,,,,,,,,,,,,,,,,
polypropylene,Primpke et al. 2018,2949.1,2918.3,1375.2,,,,,,,,,,,,,,,,,,,,,,,,,,,,,,,,,,,,
polystyrene,Primpke et al. 2018,694.4,,,,,,,,,,,,,,,,,,,,,,,,,,,,,,,,,,,,,,
polysulfone,Primpke et al. 2018,1583.6,1502.5,1485.2,1234.4,1168.9,1147.6,1103.3,1078.2,871.8,852.5,831.3,688.6,555.5,,,,,,,,,,,,,,,,,,,,,,,,,,
polytetrafluoroethylene,Primpke et al. 2018,1203.6,1147.6,501.5,,,,,,,,,,,,,,,,,,,,,,,,,,,,,,,,,,,,
polyurethane,Primpke et al. 2018,1724.4,1161.1,,,,,,,,,,,,,,,,,,,,,,,,,,,,,,,,,,,,,
polyurethane,Primpke et al. 2018,1724.4,1163.1,1143.8,,,,,,,,,,,,,,,,,,,,,,,,,,,,,,,,,,,,
polyurethane,Primpke et al. 2018,1726.3,1165.0,,,,,,,,,,,,,,,,,,,,,,,,,,,,,,,,,,,,,
polyurethane,Primpke et al. 2018,1726.3,1165.0,,,,,,,,,,,,,,,,,,,,,,,,,,,,,,,,,,,,,
fibre polyvinyl alcohol,Primpke et al. 2018,1141.9,1087.8,842.9,,,,,,,,,,,,,,,,,,,,,,,,,,,,,,,,,,,,
polyvinyl alcohol,Primpke et al. 2018,2916.4,1732.1,1236.4,1089.8,1043.5,1022.3,,,,,,,,,,,,,,,,,,,,,,,,,,,,,,,,,
fibre polyvinylidene fluoride,Primpke et al. 2018,1400.3,1207.4,1178.5,1149.6,1066.6,869.9,854.5,761.9,484.1,,,,,,,,,,,,,,,,,,,,,,,,,,,,,,
polyvinylpyrrolidone,Primpke et al. 2018,1651.1,1421.5,1284.6,1273.0,,,,,,,,,,,,,,,,,,,,,,,,,,,,,,,,,,,
polyoxymethylene,Primpke et al. 2018,1087.8,893.0,,,,,,,,,,,,,,,,,,,,,,,,,,,,,,,,,,,,,
fibre poplar down,Primpke et al. 2018,1105.2,1033.8,,,,,,,,,,,,,,,,,,,,,,,,,,,,,,,,,,,,,
fibre poplar down,Primpke et al. 2018,1105.2,1033.8,,,,,,,,,,,,,,,,,,,,,,,,,,,,,,,,,,,,,
polypropylene,Primpke et al. 2018,2951.1,2916.4,1375.2,,,,,,,,,,,,,,,,,,,,,,,,,,,,,,,,,,,,
polypropylene,Primpke et al. 2018,2951.1,2918.3,1377.2,,,,,,,,,,,,,,,,,,,,,,,,,,,,,,,,,,,,
polypropylene,Primpke et al. 2018,2951.1,2916.4,2875.9,2868.1,1456.2,1377.2,,,,,,,,,,,,,,,,,,,,,,,,,,,,,,,,,
polypropylene,Primpke et al. 2018,2951.1,2918.3,1375.2,,,,,,,,,,,,,,,,,,,,,,,,,,,,,,,,,,,,
polyphenylsulfone,Primpke et al. 2018,1481.3,1230.6,1145.7,1103.3,825.5,557.4,,,,,,,,,,,,,,,,,,,,,,,,,,,,,,,,,
polypropylene,Primpke et al. 2018,2949.1,2918.3,1375.2,,,,,,,,,,,,,,,,,,,,,,,,,,,,,,,,,,,,
polystyrene,Primpke et al. 2018,694.4,,,,,,,,,,,,,,,,,,,,,,,,,,,,,,,,,,,,,,
polystyrene,Primpke et al. 2018,696.3,,,,,,,,,,,,,,,,,,,,,,,,,,,,,,,,,,,,,,
polystyrene,Primpke et al. 2018,692.4,,,,,,,,,,,,,,,,,,,,,,,,,,,,,,,,,,,,,,
polyesterurethane,Primpke et al. 2018,1726.3,1703.1,1529.5,1219.0,1170.8,1141.9,1068.6,,,,,,,,,,,,,,,,,,,,,,,,,,,,,,,,
polyesterurethane,Primpke et al. 2018,1726.3,1705.1,1529.5,1253.7,1220.9,1166.9,1141.9,1076.3,,,,,,,,,,,,,,,,,,,,,,,,,,,,,,,
polyetherurethane,Primpke et al. 2018,1701.2,1529.5,1220.9,1105.2,1074.3,,,,,,,,,,,,,,,,,,,,,,,,,,,,,,,,,,
polyetherurethane,Primpke et al. 2018,1701.2,1529.5,1220.9,1105.2,1080.1,,,,,,,,,,,,,,,,,,,,,,,,,,,,,,,,,,
polyurethane,Primpke et al. 2018,1722.4,1253.7,1228.7,1132.2,1055.1,1043.5,,,,,,,,,,,,,,,,,,,,,,,,,,,,,,,,,
polyetherester,Primpke et al. 2018,1710.9,1265.3,1251.8,1101.3,725.2,,,,,,,,,,,,,,,,,,,,,,,,,,,,,,,,,,
polyvinylchloride with plasticizer,Primpke et al. 2018,1253.7,966.3,698.2,611.4,,,,,,,,,,,,,,,,,,,,,,,,,,,,,,,,,,,
quartz sand lab,Primpke et al. 2018,1267.2,1247.9,1236.4,1224.8,,,,,,,,,,,,,,,,,,,,,,,,,,,,,,,,,,,
quartz sand beach,Primpke et al. 2018,1886.4,1872.9,1865.2,1681.9,1612.5,1602.8,1525.7,1492.9,1286.5,1278.8,1269.2,1257.6,1247.9,1238.3,1230.6,1222.9,1207.4,,,,,,,,,,,,,,,,,,,,,,
wool raw cashmere afghanistan,Primpke et al. 2018,1633.7,1516.0,,,,,,,,,,,,,,,,,,,,,,,,,,,,,,,,,,,,,
wool raw cashmere mongolia,Primpke et al. 2018,1631.8,1527.6,1516.0,,,,,,,,,,,,,,,,,,,,,,,,,,,,,,,,,,,,
fur red deer,Primpke et al. 2018,1629.8,1529.5,,,,,,,,,,,,,,,,,,,,,,,,,,,,,,,,,,,,,
fibre roasted flax,Primpke et al. 2018,1105.2,1053.1,1028.1,1001.1,983.7,557.4,,,,,,,,,,,,,,,,,,,,,,,,,,,,,,,,,
polyethylene low density linear,Primpke et al. 2018,2914.4,2848.8,,,,,,,,,,,,,,,,,,,,,,,,,,,,,,,,,,,,,
styrene acrylonitrile,Primpke et al. 2018,698.2,,,,,,,,,,,,,,,,,,,,,,,,,,,,,,,,,,,,,,
polyethylene low density,Primpke et al. 2018,2916.4,2848.8,,,,,,,,,,,,,,,,,,,,,,,,,,,,,,,,,,,,,
polyethylene low density,Primpke et al. 2018,2916.4,2848.8,,,,,,,,,,,,,,,,,,,,,,,,,,,,,,,,,,,,,
polyester,Primpke et al. 2018,1710.9,1267.2,1232.5,1099.4,725.2,,,,,,,,,,,,,,,,,,,,,,,,,,,,,,,,,,
polyester,Primpke et al. 2018,1710.9,1267.2,1230.6,1099.4,725.2,,,,,,,,,,,,,,,,,,,,,,,,,,,,,,,,,,
polyethylene high density,Primpke et al. 2018,2914.4,2848.8,,,,,,,,,,,,,,,,,,,,,,,,,,,,,,,,,,,,,
polyethylene high density,Primpke et al. 2018,2914.4,2848.8,,,,,,,,,,,,,,,,,,,,,,,,,,,,,,,,,,,,,
polyethylene high density,Primpke et al. 2018,2914.4,2848.8,,,,,,,,,,,,,,,,,,,,,,,,,,,,,,,,,,,,,
copolyamide,Primpke et al. 2018,2916.4,1635.6,1537.3,,,,,,,,,,,,,,,,,,,,,,,,,,,,,,,,,,,,
copolyamide,Primpke et al. 2018,2918.3,1635.6,1539.2,,,,,,,,,,,,,,,,,,,,,,,,,,,,,,,,,,,,
polyamide,Primpke et al. 2018,2920.2,1635.6,1539.2,,,,,,,,,,,,,,,,,,,,,,,,,,,,,,,,,,,,
polyurethane,Primpke et al. 2018,1726.3,1705.1,1529.5,1219.0,1168.9,1141.9,1066.6,,,,,,,,,,,,,,,,,,,,,,,,,,,,,,,,
polyurethane,Primpke et al. 2018,1726.3,1705.1,1529.5,1219.0,1168.9,1141.9,1066.6,,,,,,,,,,,,,,,,,,,,,,,,,,,,,,,,
polyurethane,Primpke et al. 2018,1726.3,1703.1,1531.5,1219.0,1170.8,1141.9,1068.6,,,,,,,,,,,,,,,,,,,,,,,,,,,,,,,,
windscreen wiper rubber,Primpke et al. 2018,2918.3,2848.8,,,,,,,,,,,,,,,,,,,,,,,,,,,,,,,,,,,,,
black broodcomb,Primpke et al. 2018,2916.4,2848.8,,,,,,,,,,,,,,,,,,,,,,,,,,,,,,,,,,,,,
scoured wool  not made rough,Primpke et al. 2018,1629.8,1525.7,1516.0,,,,,,,,,,,,,,,,,,,,,,,,,,,,,,,,,,,,
silicone seal reactor,Primpke et al. 2018,1058.9,1008.8,787.0,,,,,,,,,,,,,,,,,,,,,,,,,,,,,,,,,,,,
fibre silk slubbing,Primpke et al. 2018,1618.3,1514.1,,,,,,,,,,,,,,,,,,,,,,,,,,,,,,,,,,,,,
resin dispersion,Primpke et al. 2018,1026.1,1003.0,937.4,910.4,528.5,461.0,,,,,,,,,,,,,,,,,,,,,,,,,,,,,,,,,
styrene acrylonitrile,Primpke et al. 2018,698.2,,,,,,,,,,,,,,,,,,,,,,,,,,,,,,,,,,,,,,
styrene acrylonitrile,Primpke et al. 2018,698.2,,,,,,,,,,,,,,,,,,,,,,,,,,,,,,,,,,,,,,
styrene allyl alcohol,Primpke et al. 2018,698.2,,,,,,,,,,,,,,,,,,,,,,,,,,,,,,,,,,,,,,
styrene butadiene,Primpke et al. 2018,964.4,698.2,,,,,,,,,,,,,,,,,,,,,,,,,,,,,,,,,,,,,
styrene butyl methacrylate,Primpke et al. 2018,1720.5,698.2,,,,,,,,,,,,,,,,,,,,,,,,,,,,,,,,,,,,,
styrene ethylene butylene,Primpke et al. 2018,2920.2,2850.8,698.2,,,,,,,,,,,,,,,,,,,,,,,,,,,,,,,,,,,,
styrene isoprene,Primpke et al. 2018,2960.7,2922.1,2852.7,1448.5,698.2,,,,,,,,,,,,,,,,,,,,,,,,,,,,,,,,,,
styrene maleic anhydride,Primpke et al. 2018,1774.5,916.2,700.2,,,,,,,,,,,,,,,,,,,,,,,,,,,,,,,,,,,,
styrene maleic anhydride partial methyl ester,Primpke et al. 2018,1774.5,1718.6,1219.0,916.2,702.1,,,,,,,,,,,,,,,,,,,,,,,,,,,,,,,,,,
fibre thermoplastic elastomere,Primpke et al. 2018,2916.4,2848.8,,,,,,,,,,,,,,,,,,,,,,,,,,,,,,,,,,,,,
fibre turf,Primpke et al. 2018,1031.9,,,,,,,,,,,,,,,,,,,,,,,,,,,,,,,,,,,,,,
fibre tussah silk,Primpke et al. 2018,1620.2,1514.1,,,,,,,,,,,,,,,,,,,,,,,,,,,,,,,,,,,,,
vinyl chloride vinyl acetate,Primpke et al. 2018,1737.9,1234.4,609.5,,,,,,,,,,,,,,,,,,,,,,,,,,,,,,,,,,,,
vinyl chloride vinyl acetate hydroxypropyl acrylate,Primpke et al. 2018,1730.1,1240.2,1170.8,960.5,611.4,,,,,,,,,,,,,,,,,,,,,,,,,,,,,,,,,,
vinyl chloride vinyl acetate maleic acid,Primpke et al. 2018,1735.9,1232.5,607.6,,,,,,,,,,,,,,,,,,,,,,,,,,,,,,,,,,,,
vinylidene chloride acrylonitrile,Primpke et al. 2018,1068.6,626.9,580.6,557.4,,,,,,,,,,,,,,,,,,,,,,,,,,,,,,,,,,,
vinylidene chloride vinyl chloride,Primpke et al. 2018,1246.0,609.5,,,,,,,,,,,,,,,,,,,,,,,,,,,,,,,,,,,,,
fibre viscose,Primpke et al. 2018,1043.5,1016.5,993.3,,,,,,,,,,,,,,,,,,,,,,,,,,,,,,,,,,,,
fibre viscose dyed,Primpke et al. 2018,1018.4,995.3,,,,,,,,,,,,,,,,,,,,,,,,,,,,,,,,,,,,,
fur wild boar,Primpke et al. 2018,1643.3,1535.3,,,,,,,,,,,,,,,,,,,,,,,,,,,,,,,,,,,,,
wool,Primpke et al. 2018,1631.8,1516.0,,,,,,,,,,,,,,,,,,,,,,,,,,,,,,,,,,,,,
wool slubbing fine,Primpke et al. 2018,1631.8,1516.0,,,,,,,,,,,,,,,,,,,,,,,,,,,,,,,,,,,,,
wool slubbing rough,Primpke et al. 2018,1631.8,1525.7,1518.0,,,,,,,,,,,,,,,,,,,,,,,,,,,,,,,,,,,,
wool sheep supersoft,Primpke et al. 2018,1635.6,1527.6,1518.0,,,,,,,,,,,,,,,,,,,,,,,,,,,,,,,,,,,,
fur yak,Primpke et al. 2018,1631.8,1516.0,,,,,,,,,,,,,,,,,,,,,,,,,,,,,,,,,,,,,
fur yak bleached,Primpke et al. 2018,1631.8,1518.0,,,,,,,,,,,,,,,,,,,,,,,,,,,,,,,,,,,,,
zein purified,Primpke et al. 2018,1641.4,1529.5,1518.0,,,,,,,,,,,,,,,,,,,,,,,,,,,,,,,,,,,,
cigarette filter,Primpke et al. 2018,1735.9,1215.1,1031.9,,,,,,,,,,,,,,,,,,,,,,,,,,,,,,,,,,,,
polyethylene high density,Primpke et al. 2018,2914.4,2846.9,,,,,,,,,,,,,,,,,,,,,,,,,,,,,,,,,,,,,
polyethylene low density,Primpke et al. 2018,2914.4,2846.9,,,,,,,,,,,,,,,,,,,,,,,,,,,,,,,,,,,,,
polyamide 66,Primpke et al. 2018,2916.4,2850.8,1629.8,1537.3,,,,,,,,,,,,,,,,,,,,,,,,,,,,,,,,,,,
polycarbonate,Primpke et al. 2018,1768.7,1502.5,1219.0,1188.1,1159.2,1080.1,1014.6,829.4,,,,,,,,,,,,,,,,,,,,,,,,,,,,,,,
polyethylene terephthalate,Primpke et al. 2018,1712.8,1244.1,1118.7,1095.6,1018.4,721.4,,,,,,,,,,,,,,,,,,,,,,,,,,,,,,,,,
polymethyl methacrylate,Primpke et al. 2018,1722.4,1190.1,1141.9,,,,,,,,,,,,,,,,,,,,,,,,,,,,,,,,,,,,
polypropylene,Primpke et al. 2018,2951.1,2918.3,2875.9,2868.1,2837.3,1375.2,,,,,,,,,,,,,,,,,,,,,,,,,,,,,,,,,
polystyrene,Primpke et al. 2018,694.4,,,,,,,,,,,,,,,,,,,,,,,,,,,,,,,,,,,,,,
polyvinylchloride,Primpke et al. 2018,1251.8,634.6,609.5,,,,,,,,,,,,,,,,,,,,,,,,,,,,,,,,,,,,
coal,Primpke et al. 2018,1572.0,1560.4,1340.5,1143.8,871.8,806.2,748.4,646.2,617.2,609.5,582.5,,,,,,,,,,,,,,,,,,,,,,,,,,,,
coal,Primpke et al. 2018,1579.7,1423.5,1340.5,1224.8,1213.2,1193.9,1188.1,,,,,,,,,,,,,,,,,,,,,,,,,,,,,,,,
coal,Primpke et al. 2018,1595.1,1437.0,1400.3,1373.3,1340.5,1321.2,1259.5,1031.9,1008.8,866.0,806.2,744.5,468.7,,,,,,,,,,,,,,,,,,,,,,,,,,
coal,Primpke et al. 2018,1595.1,1437.0,1375.2,1340.5,1325.1,1259.5,1203.6,1195.9,1093.6,1082.1,1030.0,1006.8,866.0,808.2,746.4,536.2,468.7,,,,,,,,,,,,,,,,,,,,,,
coal,Primpke et al. 2018,1597.1,1031.9,1008.8,536.2,470.6,,,,,,,,,,,,,,,,,,,,,,,,,,,,,,,,,,
coal,Primpke et al. 2018,1595.1,1435.0,1400.3,1373.3,1340.5,1321.2,1257.6,1224.8,1186.2,1166.9,1031.9,866.0,806.2,742.6,,,,,,,,,,,,,,,,,,,,,,,,,
PVA with Kaolin clay,"Suja Sukumaran, Thermo Fisher Scientific",1018.3,3683.5,,,,,,,,,,,,,,,,,,,,,,,,,,,,,,,,,,,,,
Pthalate and propyl alcohol mix,"Suja Sukumaran, Thermo Fisher Scientific",956.6,1068.4,1134.0,1261.3,1716.4,2977.7,,,,,,,,,,,,,,,,,,,,,,,,,,,,,,,,,
polystyrene,"Suja Sukumaran, Thermo Fisher Scientific",696.2,,,,,,,,,,,,,,,,,,,,,,,,,,,,,,,,,,,,,,
Polypropylene  with silicate mix,"Suja Sukumaran, Thermo Fisher Scientific",914.1,991.3,1002.8,1037.6,2916.0,2950.7,,,,,,,,,,,,,,,,,,,,,,,,,,,,,,,,,
Polyethylene,"Suja Sukumaran, Thermo Fisher Scientific",2846.9,2914.4,,,,,,,,,,,,,,,,,,,,,,,,,,,,,,,,,,,,,
Polyethereamide,"Suja Sukumaran, Thermo Fisher Scientific",1234.3,1353.8,1720.3,,,,,,,,,,,,,,,,,,,,,,,,,,,,,,,,,,,,
Polyester,"Suja Sukumaran, Thermo Fisher Scientific",725.1,1095.4,1245.8,1716.4,,,,,,,,,,,,,,,,,,,,,,,,,,,,,,,,,,,
Polyester,"Suja Sukumaran, Thermo Fisher Scientific",725.1,1099.3,1245.8,1716.4,,,,,,,,,,,,,,,,,,,,,,,,,,,,,,,,,,,
polycarbonate,"Suja Sukumaran, Thermo Fisher Scientific",1161.0,1191.8,1222.7,,,,,,,,,,,,,,,,,,,,,,,,,,,,,,,,,,,,
Polyethylene,"Suja Sukumaran, Thermo Fisher Scientific",2847.4,2914.9,,,,,,,,,,,,,,,,,,,,,,,,,,,,,,,,,,,,,
papercup_cellulosic,"Suja Sukumaran, Thermo Fisher Scientific",1029.8,1056.8,,,,,,,,,,,,,,,,,,,,,,,,,,,,,,,,,,,,,
polyethylene,"Suja Sukumaran, Thermo Fisher Scientific",2848.5,2916.0,,,,,,,,,,,,,,,,,,,,,,,,,,,,,,,,,,,,,
polu butadiene acrylonitrile,"Suja Sukumaran, Thermo Fisher Scientific",968.1,,,,,,,,,,,,,,,,,,,,,,,,,,,,,,,,,,,,,,
Plumbers tape sealing putty,"Suja Sukumaran, Thermo Fisher Scientific",871.7,1411.7,,,,,,,,,,,,,,,,,,,,,,,,,,,,,,,,,,,,,
polyesterterpthalate,"Suja Sukumaran, Thermo Fisher Scientific",725.1,1097.3,1243.9,1718.3,,,,,,,,,,,,,,,,,,,,,,,,,,,,,,,,,,,
poly(ethylene terepthalate),"Suja Sukumaran, Thermo Fisher Scientific",725.1,1095.4,1249.7,1716.4,,,,,,,,,,,,,,,,,,,,,,,,,,,,,,,,,,,
PET,"Suja Sukumaran, Thermo Fisher Scientific",725.1,1095.4,1245.8,1716.4,,,,,,,,,,,,,,,,,,,,,,,,,,,,,,,,,,,
polyesterterpthalate,"Suja Sukumaran, Thermo Fisher Scientific",725.1,1095.4,1245.8,1716.4,,,,,,,,,,,,,,,,,,,,,,,,,,,,,,,,,,,
PE+silicate+bio,"Suja Sukumaran, Thermo Fisher Scientific",2850.4,2917.9,,,,,,,,,,,,,,,,,,,,,,,,,,,,,,,,,,,,,
PE with silicate inorganic,"Suja Sukumaran, Thermo Fisher Scientific",2850.4,2917.9,,,,,,,,,,,,,,,,,,,,,,,,,,,,,,,,,,,,,
Polyethylene with acryloid and pthalocyanine (blue),"Suja Sukumaran, Thermo Fisher Scientific",717.9,1733.2,2847.9,2914.9,,,,,,,,,,,,,,,,,,,,,,,,,,,,,,,,,,,
PDMS,"Suja Sukumaran, Thermo Fisher Scientific",792.6,1012.5,1045.3,1049.1,1053.0,1056.8,,,,,,,,,,,,,,,,,,,,,,,,,,,,,,,,,
PDMS,"Suja Sukumaran, Thermo Fisher Scientific",792.6,1010.6,1049.1,1053.0,1056.8,1060.7,,,,,,,,,,,,,,,,,,,,,,,,,,,,,,,,,
nitrocellulose,"Suja Sukumaran, Thermo Fisher Scientific",837.0,1064.6,1276.7,1647.0,2850.4,2916.0,,,,,,,,,,,,,,,,,,,,,,,,,,,,,,,,,
Nitrocellulose,"Suja Sukumaran, Thermo Fisher Scientific",833.1,1033.7,1060.7,1276.7,1647.0,,,,,,,,,,,,,,,,,,,,,,,,,,,,,,,,,,
leaf-plant-,"Suja Sukumaran, Thermo Fisher Scientific",1031.8,,,,,,,,,,,,,,,,,,,,,,,,,,,,,,,,,,,,,,
cellulose,"Suja Sukumaran, Thermo Fisher Scientific",1035.6,1049.1,,,,,,,,,,,,,,,,,,,,,,,,,,,,,,,,,,,,,
cellulose,"Suja Sukumaran, Thermo Fisher Scientific",1045.3,1103.1,,,,,,,,,,,,,,,,,,,,,,,,,,,,,,,,,,,,,
Cardboard/cellulose,"Suja Sukumaran, Thermo Fisher Scientific",1029.8,1056.8,,,,,,,,,,,,,,,,,,,,,,,,,,,,,,,,,,,,,
Teflon/PTFE,"Suja Sukumaran, Thermo Fisher Scientific",1149.4,1203.4,,,,,,,,,,,,,,,,,,,,,,,,,,,,,,,,,,,,,
Acrylic,"Suja Sukumaran, Thermo Fisher Scientific",1053.0,1450.3,1728.0,2244.8,,,,,,,,,,,,,,,,,,,,,,,,,,,,,,,,,,,
Polyethylene,"Suja Sukumaran, Thermo Fisher Scientific",2850.4,2916.0,,,,,,,,,,,,,,,,,,,,,,,,,,,,,,,,,,,,,
Cellulose,"Suja Sukumaran, Thermo Fisher Scientific",1031.8,1054.9,1107.0,,,,,,,,,,,,,,,,,,,,,,,,,,,,,,,,,,,,
Acrylic,"Suja Sukumaran, Thermo Fisher Scientific",1053.0,1450.3,1728.0,2244.8,,,,,,,,,,,,,,,,,,,,,,,,,,,,,,,,,,,
Polyether urethane with additives,"Suja Sukumaran, Thermo Fisher Scientific",712.1,1069.3,1097.8,1219.3,1271.8,1523.0,1715.4,,,,,,,,,,,,,,,,,,,,,,,,,,,,,,,,
PMMA,"Suja Sukumaran, Thermo Fisher Scientific",1143.6,1189.9,1723.6,,,,,,,,,,,,,,,,,,,,,,,,,,,,,,,,,,,,
Teflon/PTFE,"Suja Sukumaran, Thermo Fisher Scientific",1149.4,1203.4,,,,,,,,,,,,,,,,,,,,,,,,,,,,,,,,,,,,,
Styrofoam,"Suja Sukumaran, Thermo Fisher Scientific",698.1,,,,,,,,,,,,,,,,,,,,,,,,,,,,,,,,,,,,,,
silicone/PDMS,"Suja Sukumaran, Thermo Fisher Scientific",792.6,1012.5,,,,,,,,,,,,,,,,,,,,,,,,,,,,,,,,,,,,,
